empresa;producto;precio;fecha_vigencia;empresabandera;latitud;longitud;anio;mes
BIOENERGIA SRL;Gas Oil Grado 2;16.99;30/3/2017 12:27;SOL PETROLEO;-3.173.979;-6.052.589;2017;3
BIOENERGIA SRL;Gas Oil Grado 3;20.48;30/3/2017 12:28;SOL PETROLEO;-3.173.979;-6.052.589;2017;3
BIOENERGIA SRL;Nafta (premium) de más de 95 Ron;22.48;30/3/2017 12:27;SOL PETROLEO;-3.173.979;-6.052.589;2017;3
BIOENERGIA SRL;Nafta (súper) entre 92 y 95 Ron;19.98;30/3/2017 12:15;SOL PETROLEO;-3.173.979;-6.052.589;2017;3
BJA GNC DE BARON JOSE ANTONIO;GNC;11.99;1/4/2017 07:35;BLANCA;-31.758.048;-60.485.347;2017;4
BJA GNC DE BARON JOSE ANTONIO;GNC;24.99;1/4/2019 14:00;BLANCA;-31.758.048;-60.485.347;2019;4
BJA GNC DE BARON JOSE ANTONIO;GNC;759.9;1/4/2025 13:00;BLANCA;-31.758.048;-60.485.347;2025;4
BJA GNC DE BARON JOSE ANTONIO;GNC;49.99;1/5/2021 14:00;BLANCA;-31.758.048;-60.485.347;2021;5
BJA GNC DE BARON JOSE ANTONIO;GNC;74.99;1/5/2022 22:00;BLANCA;-31.758.048;-60.485.347;2022;5
BJA GNC DE BARON JOSE ANTONIO;GNC;635.9;1/7/2024 13:00;BLANCA;-31.758.048;-60.485.347;2024;7
BJA GNC DE BARON JOSE ANTONIO;GNC;83.99;1/8/2022 22:00;BLANCA;-31.758.048;-60.485.347;2022;8
BJA GNC DE BARON JOSE ANTONIO;GNC;651.9;1/8/2024 13:00;BLANCA;-31.758.048;-60.485.347;2024;8
BJA GNC DE BARON JOSE ANTONIO;GNC;17.99;1/9/2018 14:00;BLANCA;-31.758.048;-60.485.347;2018;9
BJA GNC DE BARON JOSE ANTONIO;GNC;20.19;1/10/2018 22:00;BLANCA;-31.758.048;-60.485.347;2018;10
BJA GNC DE BARON JOSE ANTONIO;GNC;27.99;1/11/2019 14:00;BLANCA;-31.758.048;-60.485.347;2019;11
BJA GNC DE BARON JOSE ANTONIO;GNC;53.99;1/11/2021 22:00;BLANCA;-31.758.048;-60.485.347;2021;11
BJA GNC DE BARON JOSE ANTONIO;GNC;473.90;2/2/2024 13:00;BLANCA;-31.758.048;-60.485.347;2024;2
BJA GNC DE BARON JOSE ANTONIO;GNC;794.9;2/7/2025 13:00;BLANCA;-31.758.048;-60.485.347;2025;7
BJA GNC DE BARON JOSE ANTONIO;GNC;149.9;2/8/2023 13:00;BLANCA;-31.758.048;-60.485.347;2023;8
BJA GNC DE BARON JOSE ANTONIO;GNC;671.9;2/10/2024 13:00;BLANCA;-31.758.048;-60.485.347;2024;10
BJA GNC DE BARON JOSE ANTONIO;GNC;883.9;2/10/2025 13:00;BLANCA;-31.758.048;-60.485.347;2025;10
BJA GNC DE BARON JOSE ANTONIO;GNC;99.99;2/12/2022 14:00;BLANCA;-31.758.048;-60.485.347;2022;12
BJA GNC DE BARON JOSE ANTONIO;GNC;16.99;3/4/2018 14:00;BLANCA;-31.758.048;-60.485.347;2018;4
BJA GNC DE BARON JOSE ANTONIO;GNC;529.9;3/4/2024 13:00;BLANCA;-31.758.048;-60.485.347;2024;4
BJA GNC DE BARON JOSE ANTONIO;GNC;559.9;3/5/2024 13:00;BLANCA;-31.758.048;-60.485.347;2024;5
BJA GNC DE BARON JOSE ANTONIO;GNC;79.99;3/6/2022 14:00;BLANCA;-31.758.048;-60.485.347;2022;6
BJA GNC DE BARON JOSE ANTONIO;GNC;754.9;3/6/2025 13:00;BLANCA;-31.758.048;-60.485.347;2025;6
BJA GNC DE BARON JOSE ANTONIO;GNC;677.9;3/9/2024 13:00;BLANCA;-31.758.048;-60.485.347;2024;9
BJA GNC DE BARON JOSE ANTONIO;GNC;859.9;3/9/2025 13:00;BLANCA;-31.758.048;-60.485.347;2025;9
BJA GNC DE BARON JOSE ANTONIO;GNC;194.9;3/11/2023 13:00;BLANCA;-31.758.048;-60.485.347;2023;11
BJA GNC DE BARON JOSE ANTONIO;GNC;444.9;4/1/2024 13:00;BLANCA;-31.758.048;-60.485.347;2024;1
BJA GNC DE BARON JOSE ANTONIO;GNC;616.9;4/6/2024 13:00;BLANCA;-31.758.048;-60.485.347;2024;6
BJA GNC DE BARON JOSE ANTONIO;GNC;89.99;4/10/2022 14:00;BLANCA;-31.758.048;-60.485.347;2022;10
BJA GNC DE BARON JOSE ANTONIO;GNC;95.99;4/11/2022 14:00;BLANCA;-31.758.048;-60.485.347;2022;11
BJA GNC DE BARON JOSE ANTONIO;GNC;689.9;4/11/2024 13:00;BLANCA;-31.758.048;-60.485.347;2024;11
BJA GNC DE BARON JOSE ANTONIO;GNC;911.9;4/11/2025 13:00;BLANCA;-31.758.048;-60.485.347;2025;11
BJA GNC DE BARON JOSE ANTONIO;GNC;704.9;4/12/2024 13:00;BLANCA;-31.758.048;-60.485.347;2024;12
BJA GNC DE BARON JOSE ANTONIO;GNC;35.99;5/1/2021 22:00;BLANCA;-31.758.048;-60.485.347;2021;1
BJA GNC DE BARON JOSE ANTONIO;GNC;746.9;5/3/2025 13:00;BLANCA;-31.758.048;-60.485.347;2025;3
BJA GNC DE BARON JOSE ANTONIO;GNC;13.99;5/12/2017 14:00;BLANCA;-31.758.048;-60.485.347;2017;12
BJA GNC DE BARON JOSE ANTONIO;GNC;717.9;6/1/2025 13:00;BLANCA;-31.758.048;-60.485.347;2025;1
BJA GNC DE BARON JOSE ANTONIO;GNC;732.9;6/2/2025 13:00;BLANCA;-31.758.048;-60.485.347;2025;2
BJA GNC DE BARON JOSE ANTONIO;GNC;39.49;6/3/2021 14:00;BLANCA;-31.758.048;-60.485.347;2021;3
BJA GNC DE BARON JOSE ANTONIO;GNC;109.9;6/3/2023 22:00;BLANCA;-31.758.048;-60.485.347;2023;3
BJA GNC DE BARON JOSE ANTONIO;GNC;508.9;7/3/2024 13:00;BLANCA;-31.758.048;-60.485.347;2024;3
BJA GNC DE BARON JOSE ANTONIO;GNC;744.9;7/5/2025 13:00;BLANCA;-31.758.048;-60.485.347;2025;5
BJA GNC DE BARON JOSE ANTONIO;GNC;829.9;9/8/2025 13:00;BLANCA;-31.758.048;-60.485.347;2025;8
BJA GNC DE BARON JOSE ANTONIO;GNC;20.99;9/10/2018 14:00;BLANCA;-31.758.048;-60.485.347;2018;10
BJA GNC DE BARON JOSE ANTONIO;GNC;176.9;10/10/2023 13:00;BLANCA;-31.758.048;-60.485.347;2023;10
BJA GNC DE BARON JOSE ANTONIO;GNC;269.9;11/12/2023 13:00;BLANCA;-31.758.048;-60.485.347;2023;12
BJA GNC DE BARON JOSE ANTONIO;GNC;959.9;11/12/2025 13:00;BLANCA;-31.758.048;-60.485.347;2025;12
BJA GNC DE BARON JOSE ANTONIO;GNC;56.99;12/1/2022 22:00;BLANCA;-31.758.048;-60.485.347;2022;1
BJA GNC DE BARON JOSE ANTONIO;GNC;134.9;12/6/2023 22:00;BLANCA;-31.758.048;-60.485.347;2023;6
BJA GNC DE BARON JOSE ANTONIO;GNC;104.90;14/1/2023 14:00;BLANCA;-31.758.048;-60.485.347;2023;1
BJA GNC DE BARON JOSE ANTONIO;GNC;64.99;14/3/2022 22:00;BLANCA;-31.758.048;-60.485.347;2022;3
BJA GNC DE BARON JOSE ANTONIO;GNC;26.99;14/8/2019 14:00;BLANCA;-31.758.048;-60.485.347;2019;8
BJA GNC DE BARON JOSE ANTONIO;GNC;349.9;14/12/2023 13:00;BLANCA;-31.758.048;-60.485.347;2023;12
BJA GNC DE BARON JOSE ANTONIO;GNC;592.9;15/5/2024 13:00;BLANCA;-31.758.048;-60.485.347;2024;5
BJA GNC DE BARON JOSE ANTONIO;GNC;1049;15/5/2026 13:00;BLANCA;-31.758.048;-60.485.347;2026;5
BJA GNC DE BARON JOSE ANTONIO;GNC;28.99;15/11/2019 14:00;BLANCA;-31.758.048;-60.485.347;2019;11
BJA GNC DE BARON JOSE ANTONIO;GNC;37.99;16/1/2021 14:00;BLANCA;-31.758.048;-60.485.347;2021;1
BJA GNC DE BARON JOSE ANTONIO;GNC;61.99;16/2/2022 14:00;BLANCA;-31.758.048;-60.485.347;2022;2
BJA GNC DE BARON JOSE ANTONIO;GNC;41.49;16/3/2021 22:00;BLANCA;-31.758.048;-60.485.347;2021;3
BJA GNC DE BARON JOSE ANTONIO;GNC;114.9;16/3/2023 22:00;BLANCA;-31.758.048;-60.485.347;2023;3
BJA GNC DE BARON JOSE ANTONIO;GNC;166.9;16/8/2023 21:00;BLANCA;-31.758.048;-60.485.347;2023;8
BJA GNC DE BARON JOSE ANTONIO;GNC;21.99;16/11/2018 14:00;BLANCA;-31.758.048;-60.485.347;2018;11
BJA GNC DE BARON JOSE ANTONIO;GNC;14.99;17/1/2018 14:00;BLANCA;-31.758.048;-60.485.347;2018;1
BJA GNC DE BARON JOSE ANTONIO;GNC;119.9;17/4/2023 22:00;BLANCA;-31.758.048;-60.485.347;2023;4
BJA GNC DE BARON JOSE ANTONIO;GNC;34.99;17/12/2020 14:00;BLANCA;-31.758.048;-60.485.347;2020;12
BJA GNC DE BARON JOSE ANTONIO;GNC;44.99;19/4/2021 14:00;BLANCA;-31.758.048;-60.485.347;2021;4
BJA GNC DE BARON JOSE ANTONIO;GNC;25.99;19/6/2019 14:00;BLANCA;-31.758.048;-60.485.347;2019;6
BJA GNC DE BARON JOSE ANTONIO;GNC;30.99;19/8/2020 14:00;BLANCA;-31.758.048;-60.485.347;2020;8
BJA GNC DE BARON JOSE ANTONIO;GNC;31.99;19/9/2020 14:00;BLANCA;-31.758.048;-60.485.347;2020;9
BJA GNC DE BARON JOSE ANTONIO;GNC;22.99;21/2/2019 14:00;BLANCA;-31.758.048;-60.485.347;2019;2
BJA GNC DE BARON JOSE ANTONIO;GNC;139.9;22/6/2023 14:00;BLANCA;-31.758.048;-60.485.347;2023;6
BJA GNC DE BARON JOSE ANTONIO;GNC;13.49;24/10/2017 14:00;BLANCA;-31.758.048;-60.485.347;2017;10
BJA GNC DE BARON JOSE ANTONIO;GNC;33.49;24/11/2020 22:00;BLANCA;-31.758.048;-60.485.347;2020;11
BJA GNC DE BARON JOSE ANTONIO;GNC;51.99;25/6/2021 22:00;BLANCA;-31.758.048;-60.485.347;2021;6
BJA GNC DE BARON JOSE ANTONIO;GNC;999;27/3/2026 13:00;BLANCA;-31.758.048;-60.485.347;2026;3
BJA GNC DE BARON JOSE ANTONIO;GNC;184.9;27/10/2023 13:00;BLANCA;-31.758.048;-60.485.347;2023;10
BJA GNC DE BARON JOSE ANTONIO;GNC;10.99;28/3/2017 12:08;BLANCA;-31.758.048;-60.485.347;2017;3
BJA GNC DE BARON JOSE ANTONIO;GNC;814.9;28/7/2025 13:00;BLANCA;-31.758.048;-60.485.347;2025;7
BJA GNC DE BARON JOSE ANTONIO;GNC;219.9;28/11/2023 13:00;BLANCA;-31.758.048;-60.485.347;2023;11
BJA GNC DE BARON JOSE ANTONIO;GNC;127.9;29/5/2023 22:00;BLANCA;-31.758.048;-60.485.347;2023;5
CENTRO PARANA SRL;GNC;17.00;4/4/2018 09:41;BLANCA;-3.173.883;-60.525.414;2018;4
CENTRO PARANA SRL;GNC;17.99;4/9/2018 11:18;BLANCA;-3.173.883;-60.525.414;2018;9
CENTRO PARANA SRL;GNC;21.99;4/12/2018 13:02;BLANCA;-3.173.883;-60.525.414;2018;12
CENTRO PARANA SRL;GNC;11.950;5/9/2017 13:00;BLANCA;-3.173.883;-60.525.414;2017;9
CENTRO PARANA SRL;GNC;13.99;5/12/2017 12:06;BLANCA;-3.173.883;-60.525.414;2017;12
CENTRO PARANA SRL;GNC;22.99;7/3/2019 15:26;BLANCA;-3.173.883;-60.525.414;2019;3
CENTRO PARANA SRL;GNC;14.99;17/1/2018 14:21;BLANCA;-3.173.883;-60.525.414;2018;1
COMBUSTIBLES PARANA SAS;Gas Oil Grado 2;925;1/2/2024 16:46;GULF;-3.178.869;-6.051.624;2024;2
COMBUSTIBLES PARANA SAS;Gas Oil Grado 2;1271;1/2/2025 17:03;GULF;-3.178.869;-6.051.624;2025;2
COMBUSTIBLES PARANA SAS;Gas Oil Grado 2;1295;1/3/2025 11:26;GULF;-3.178.869;-6.051.624;2025;3
COMBUSTIBLES PARANA SAS;Gas Oil Grado 2;1042;1/4/2024 15:42;GULF;-3.178.869;-6.051.624;2024;4
COMBUSTIBLES PARANA SAS;Gas Oil Grado 2;1318;1/4/2025 16:22;GULF;-3.178.869;-6.051.624;2025;4
COMBUSTIBLES PARANA SAS;Gas Oil Grado 2;1112;1/6/2024 11:44;GULF;-3.178.869;-6.051.624;2024;6
COMBUSTIBLES PARANA SAS;Gas Oil Grado 2;1125;1/7/2024 17:03;GULF;-3.178.869;-6.051.624;2024;7
COMBUSTIBLES PARANA SAS;Gas Oil Grado 2;280.9;1/8/2023 16:36;GULF;-3.178.869;-6.051.624;2023;8
COMBUSTIBLES PARANA SAS;Gas Oil Grado 2;1174;1/8/2024 14:24;GULF;-3.178.869;-6.051.624;2024;8
COMBUSTIBLES PARANA SAS;Gas Oil Grado 2;1389;1/8/2025 16:23;GULF;-3.178.869;-6.051.624;2025;8
COMBUSTIBLES PARANA SAS;Gas Oil Grado 2;1198;1/9/2024 18:20;GULF;-3.178.869;-6.051.624;2024;9
COMBUSTIBLES PARANA SAS;Gas Oil Grado 2;168.7;1/10/2022 12:05;GULF;-3.178.869;-6.051.624;2022;10
COMBUSTIBLES PARANA SAS;Gas Oil Grado 2;1174;1/10/2024 18:50;GULF;-3.178.869;-6.051.624;2024;10
COMBUSTIBLES PARANA SAS;Gas Oil Grado 2;1540;1/10/2025 12:18;GULF;-3.178.869;-6.051.624;2025;10
COMBUSTIBLES PARANA SAS;Gas Oil Grado 2;357;1/11/2023 18:42;GULF;-3.178.869;-6.051.624;2023;11
COMBUSTIBLES PARANA SAS;Gas Oil Grado 2;1207;1/11/2024 13:47;GULF;-3.178.869;-6.051.624;2024;11
COMBUSTIBLES PARANA SAS;Gas Oil Grado 2;1598;1/11/2025 11:17;GULF;-3.178.869;-6.051.624;2025;11
COMBUSTIBLES PARANA SAS;Gas Oil Grado 2;1224;1/12/2024 12:11;GULF;-3.178.869;-6.051.624;2024;12
COMBUSTIBLES PARANA SAS;Gas Oil Grado 2;1750;1/12/2025 15:56;GULF;-3.178.869;-6.051.624;2025;12
COMBUSTIBLES PARANA SAS;Gas Oil Grado 2;995;2/3/2024 09:53;GULF;-3.178.869;-6.051.624;2024;3
COMBUSTIBLES PARANA SAS;Gas Oil Grado 2;1064;2/5/2024 15:01;GULF;-3.178.869;-6.051.624;2024;5
COMBUSTIBLES PARANA SAS;Gas Oil Grado 2;1279;2/5/2025 13:01;GULF;-3.178.869;-6.051.624;2025;5
COMBUSTIBLES PARANA SAS;Gas Oil Grado 2;1300;2/6/2025 09:28;GULF;-3.178.869;-6.051.624;2025;6
COMBUSTIBLES PARANA SAS;Gas Oil Grado 2;281;2/8/2023 15:09;GULF;-3.178.869;-6.051.624;2023;8
COMBUSTIBLES PARANA SAS;Gas Oil Grado 2;1492;2/9/2025 14:22;GULF;-3.178.869;-6.051.624;2025;9
COMBUSTIBLES PARANA SAS;Gas Oil Grado 2;869;3/1/2024 14:16;GULF;-3.178.869;-6.051.624;2024;1
COMBUSTIBLES PARANA SAS;Gas Oil Grado 2;1246;3/1/2025 14:48;GULF;-3.178.869;-6.051.624;2025;1
COMBUSTIBLES PARANA SAS;Gas Oil Grado 2;1290;3/6/2025 16:23;GULF;-3.178.869;-6.051.624;2025;6
COMBUSTIBLES PARANA SAS;Gas Oil Grado 2;183.9;3/11/2022 09:46;GULF;-3.178.869;-6.051.624;2022;11
COMBUSTIBLES PARANA SAS;Gas Oil Grado 2;1790;4/2/2026 15:12;GULF;-3.178.869;-6.051.624;2026;2
COMBUSTIBLES PARANA SAS;Gas Oil Grado 2;1888;4/3/2026 12:12;GULF;-3.178.869;-6.051.624;2026;3
COMBUSTIBLES PARANA SAS;Gas Oil Grado 2;192.2;4/12/2022 10:49;GULF;-3.178.869;-6.051.624;2022;12
COMBUSTIBLES PARANA SAS;Gas Oil Grado 2;1411;5/8/2025 17:06;GULF;-3.178.869;-6.051.624;2025;8
COMBUSTIBLES PARANA SAS;Gas Oil Grado 2;1085;7/6/2024 18:42;GULF;-3.178.869;-6.051.624;2024;6
COMBUSTIBLES PARANA SAS;Gas Oil Grado 2;1779;8/1/2026 14:37;GULF;-3.178.869;-6.051.624;2026;1
COMBUSTIBLES PARANA SAS;Gas Oil Grado 2;127.60;8/6/2022 17:42;GULF;-3.178.869;-6.051.624;2022;6
COMBUSTIBLES PARANA SAS;Gas Oil Grado 2;268.9;8/7/2023 14:53;GULF;-3.178.869;-6.051.624;2023;7
COMBUSTIBLES PARANA SAS;Gas Oil Grado 2;461;8/12/2023 12:14;GULF;-3.178.869;-6.051.624;2023;12
COMBUSTIBLES PARANA SAS;Gas Oil Grado 2;122.06;9/5/2022 09:43;GULF;-3.178.869;-6.051.624;2022;5
COMBUSTIBLES PARANA SAS;Gas Oil Grado 2;1553;9/10/2025 11:02;GULF;-3.178.869;-6.051.624;2025;10
COMBUSTIBLES PARANA SAS;Gas Oil Grado 2;1928;10/3/2026 12:18;GULF;-3.178.869;-6.051.624;2026;3
COMBUSTIBLES PARANA SAS;Gas Oil Grado 2;1767;11/12/2025 10:25;GULF;-3.178.869;-6.051.624;2025;12
COMBUSTIBLES PARANA SAS;Gas Oil Grado 2;1816;12/2/2026 15:37;GULF;-3.178.869;-6.051.624;2026;2
COMBUSTIBLES PARANA SAS;Gas Oil Grado 2;1992;13/3/2026 12:22;GULF;-3.178.869;-6.051.624;2026;3
COMBUSTIBLES PARANA SAS;Gas Oil Grado 2;1648;13/11/2025 10:11;GULF;-3.178.869;-6.051.624;2025;11
COMBUSTIBLES PARANA SAS;Gas Oil Grado 2;109.000;14/3/2022 17:25;GULF;-3.178.869;-6.051.624;2022;3
COMBUSTIBLES PARANA SAS;Gas Oil Grado 2;1285;14/5/2025 14:53;GULF;-3.178.869;-6.051.624;2025;5
COMBUSTIBLES PARANA SAS;Gas Oil Grado 2;689;14/12/2023 17:19;GULF;-3.178.869;-6.051.624;2023;12
COMBUSTIBLES PARANA SAS;Gas Oil Grado 2;1780;15/1/2026 15:08;GULF;-3.178.869;-6.051.624;2026;1
COMBUSTIBLES PARANA SAS;Gas Oil Grado 2;1444;15/8/2025 11:29;GULF;-3.178.869;-6.051.624;2025;8
COMBUSTIBLES PARANA SAS;Gas Oil Grado 2;1505;15/9/2025 10:52;GULF;-3.178.869;-6.051.624;2025;9
COMBUSTIBLES PARANA SAS;Gas Oil Grado 2;200.9;16/1/2023 09:50;GULF;-3.178.869;-6.051.624;2023;1
COMBUSTIBLES PARANA SAS;Gas Oil Grado 2;210.8;16/2/2023 19:42;GULF;-3.178.869;-6.051.624;2023;2
COMBUSTIBLES PARANA SAS;Gas Oil Grado 2;219.9;16/3/2023 09:41;GULF;-3.178.869;-6.051.624;2023;3
COMBUSTIBLES PARANA SAS;Gas Oil Grado 2;231.4;16/4/2023 14:29;GULF;-3.178.869;-6.051.624;2023;4
COMBUSTIBLES PARANA SAS;Gas Oil Grado 2;144.8;16/6/2022 10:09;GULF;-3.178.869;-6.051.624;2022;6
COMBUSTIBLES PARANA SAS;Gas Oil Grado 2;242.7;17/5/2023 11:08;GULF;-3.178.869;-6.051.624;2023;5
COMBUSTIBLES PARANA SAS;Gas Oil Grado 2;257.3;17/6/2023 10:06;GULF;-3.178.869;-6.051.624;2023;6
COMBUSTIBLES PARANA SAS;Gas Oil Grado 2;2031;18/3/2026 12:24;GULF;-3.178.869;-6.051.624;2026;3
COMBUSTIBLES PARANA SAS;Gas Oil Grado 2;316.1;18/8/2023 09:24;GULF;-3.178.869;-6.051.624;2023;8
COMBUSTIBLES PARANA SAS;Gas Oil Grado 2;1771;18/12/2025 14:37;GULF;-3.178.869;-6.051.624;2025;12
COMBUSTIBLES PARANA SAS;Gas Oil Grado 2;1845;19/2/2026 15:51;GULF;-3.178.869;-6.051.624;2026;2
COMBUSTIBLES PARANA SAS;Gas Oil Grado 2;2054;20/3/2026 12:26;GULF;-3.178.869;-6.051.624;2026;3
COMBUSTIBLES PARANA SAS;Gas Oil Grado 2;2076;21/3/2026 12:27;GULF;-3.178.869;-6.051.624;2026;3
COMBUSTIBLES PARANA SAS;Gas Oil Grado 2;1340;21/6/2025 16:26;GULF;-3.178.869;-6.051.624;2025;6
COMBUSTIBLES PARANA SAS;Gas Oil Grado 2;1383;21/7/2025 10:37;GULF;-3.178.869;-6.051.624;2025;7
COMBUSTIBLES PARANA SAS;Gas Oil Grado 2;156.1;21/8/2022 10:48;GULF;-3.178.869;-6.051.624;2022;8
COMBUSTIBLES PARANA SAS;Gas Oil Grado 2;1466;21/8/2025 09:55;GULF;-3.178.869;-6.051.624;2025;8
COMBUSTIBLES PARANA SAS;Gas Oil Grado 2;372;22/11/2023 10:04;GULF;-3.178.869;-6.051.624;2023;11
COMBUSTIBLES PARANA SAS;Gas Oil Grado 2;326;23/10/2023 14:00;GULF;-3.178.869;-6.051.624;2023;10
COMBUSTIBLES PARANA SAS;Gas Oil Grado 2;2162;25/3/2026 12:29;GULF;-3.178.869;-6.051.624;2026;3
COMBUSTIBLES PARANA SAS;Gas Oil Grado 2;1519;25/9/2025 16:04;GULF;-3.178.869;-6.051.624;2025;9
COMBUSTIBLES PARANA SAS;Gas Oil Grado 2;401.0;25/11/2023 11:48;GULF;-3.178.869;-6.051.624;2023;11
COMBUSTIBLES PARANA SAS;Gas Oil Grado 2;2184;26/3/2026 12:31;GULF;-3.178.869;-6.051.624;2026;3
COMBUSTIBLES PARANA SAS;Gas Oil Grado 2;2200;27/3/2026 12:32;GULF;-3.178.869;-6.051.624;2026;3
COMBUSTIBLES PARANA SAS;Gas Oil Grado 2;1706;27/11/2025 15:53;GULF;-3.178.869;-6.051.624;2025;11
COMBUSTIBLES PARANA SAS;Gas Oil Grado 2;2227;28/3/2026 12:34;GULF;-3.178.869;-6.051.624;2026;3
COMBUSTIBLES PARANA SAS;Gas Oil Grado 2;1568;30/10/2025 15:06;GULF;-3.178.869;-6.051.624;2025;10
COMBUSTIBLES PARANA SAS;Gas Oil Grado 3;1098;1/2/2024 16:47;GULF;-3.178.869;-6.051.624;2024;2
COMBUSTIBLES PARANA SAS;Gas Oil Grado 3;1506;1/2/2025 17:09;GULF;-3.178.869;-6.051.624;2025;2
COMBUSTIBLES PARANA SAS;Gas Oil Grado 3;1535;1/3/2025 11:27;GULF;-3.178.869;-6.051.624;2025;3
COMBUSTIBLES PARANA SAS;Gas Oil Grado 3;1236;1/4/2024 15:43;GULF;-3.178.869;-6.051.624;2024;4
COMBUSTIBLES PARANA SAS;Gas Oil Grado 3;1562;1/4/2025 16:24;GULF;-3.178.869;-6.051.624;2025;4
COMBUSTIBLES PARANA SAS;Gas Oil Grado 3;1437;1/5/2025 13:02;GULF;-3.178.869;-6.051.624;2025;5
COMBUSTIBLES PARANA SAS;Gas Oil Grado 3;1318;1/6/2024 11:48;GULF;-3.178.869;-6.051.624;2024;6
COMBUSTIBLES PARANA SAS;Gas Oil Grado 3;1337;1/7/2024 17:04;GULF;-3.178.869;-6.051.624;2024;7
COMBUSTIBLES PARANA SAS;Gas Oil Grado 3;360.2;1/8/2023 16:37;GULF;-3.178.869;-6.051.624;2023;8
COMBUSTIBLES PARANA SAS;Gas Oil Grado 3;1391;1/8/2024 14:25;GULF;-3.178.869;-6.051.624;2024;8
COMBUSTIBLES PARANA SAS;Gas Oil Grado 3;1563;1/8/2025 16:28;GULF;-3.178.869;-6.051.624;2025;8
COMBUSTIBLES PARANA SAS;Gas Oil Grado 3;1419;1/9/2024 18:20;GULF;-3.178.869;-6.051.624;2024;9
COMBUSTIBLES PARANA SAS;Gas Oil Grado 3;225.2;1/10/2022 12:06;GULF;-3.178.869;-6.051.624;2022;10
COMBUSTIBLES PARANA SAS;Gas Oil Grado 3;1391;1/10/2024 19:04;GULF;-3.178.869;-6.051.624;2024;10
COMBUSTIBLES PARANA SAS;Gas Oil Grado 3;1730;1/10/2025 12:19;GULF;-3.178.869;-6.051.624;2025;10
COMBUSTIBLES PARANA SAS;Gas Oil Grado 3;457;1/11/2023 18:43;GULF;-3.178.869;-6.051.624;2023;11
COMBUSTIBLES PARANA SAS;Gas Oil Grado 3;1430;1/11/2024 13:48;GULF;-3.178.869;-6.051.624;2024;11
COMBUSTIBLES PARANA SAS;Gas Oil Grado 3;1789;1/11/2025 11:17;GULF;-3.178.869;-6.051.624;2025;11
COMBUSTIBLES PARANA SAS;Gas Oil Grado 3;1450;1/12/2024 12:12;GULF;-3.178.869;-6.051.624;2024;12
COMBUSTIBLES PARANA SAS;Gas Oil Grado 3;1916;1/12/2025 15:57;GULF;-3.178.869;-6.051.624;2025;12
COMBUSTIBLES PARANA SAS;Gas Oil Grado 3;1181;2/3/2024 09:53;GULF;-3.178.869;-6.051.624;2024;3
COMBUSTIBLES PARANA SAS;Gas Oil Grado 3;1265;2/5/2024 15:05;GULF;-3.178.869;-6.051.624;2024;5
COMBUSTIBLES PARANA SAS;Gas Oil Grado 3;1459;2/6/2025 09:28;GULF;-3.178.869;-6.051.624;2025;6
COMBUSTIBLES PARANA SAS;Gas Oil Grado 3;359.80;2/8/2023 15:10;GULF;-3.178.869;-6.051.624;2023;8
COMBUSTIBLES PARANA SAS;Gas Oil Grado 3;1675;2/9/2025 14:23;GULF;-3.178.869;-6.051.624;2025;9
COMBUSTIBLES PARANA SAS;Gas Oil Grado 3;1032;3/1/2024 14:16;GULF;-3.178.869;-6.051.624;2024;1
COMBUSTIBLES PARANA SAS;Gas Oil Grado 3;1476;3/1/2025 14:49;GULF;-3.178.869;-6.051.624;2025;1
COMBUSTIBLES PARANA SAS;Gas Oil Grado 3;1449;3/6/2025 16:24;GULF;-3.178.869;-6.051.624;2025;6
COMBUSTIBLES PARANA SAS;Gas Oil Grado 3;246.6;3/11/2022 09:49;GULF;-3.178.869;-6.051.624;2022;11
COMBUSTIBLES PARANA SAS;Gas Oil Grado 3;1954;4/2/2026 15:13;GULF;-3.178.869;-6.051.624;2026;2
COMBUSTIBLES PARANA SAS;Gas Oil Grado 3;2045;4/3/2026 12:16;GULF;-3.178.869;-6.051.624;2026;3
COMBUSTIBLES PARANA SAS;Gas Oil Grado 3;261.1;4/12/2022 10:50;GULF;-3.178.869;-6.051.624;2022;12
COMBUSTIBLES PARANA SAS;Gas Oil Grado 3;1588;5/8/2025 17:07;GULF;-3.178.869;-6.051.624;2025;8
COMBUSTIBLES PARANA SAS;Gas Oil Grado 3;1298;7/6/2024 18:42;GULF;-3.178.869;-6.051.624;2024;6
COMBUSTIBLES PARANA SAS;Gas Oil Grado 3;1949;8/1/2026 14:40;GULF;-3.178.869;-6.051.624;2026;1
COMBUSTIBLES PARANA SAS;Gas Oil Grado 3;344.3;8/7/2023 15:06;GULF;-3.178.869;-6.051.624;2023;7
COMBUSTIBLES PARANA SAS;Gas Oil Grado 3;586;8/12/2023 12:15;GULF;-3.178.869;-6.051.624;2023;12
COMBUSTIBLES PARANA SAS;Gas Oil Grado 3;162.40;9/5/2022 09:44;GULF;-3.178.869;-6.051.624;2022;5
COMBUSTIBLES PARANA SAS;Gas Oil Grado 3;1752;9/10/2025 11:02;GULF;-3.178.869;-6.051.624;2025;10
COMBUSTIBLES PARANA SAS;Gas Oil Grado 3;2085;10/3/2026 12:19;GULF;-3.178.869;-6.051.624;2026;3
COMBUSTIBLES PARANA SAS;Gas Oil Grado 3;2034;11/3/2026 12:20;GULF;-3.178.869;-6.051.624;2026;3
COMBUSTIBLES PARANA SAS;Gas Oil Grado 3;1932;11/12/2025 10:26;GULF;-3.178.869;-6.051.624;2025;12
COMBUSTIBLES PARANA SAS;Gas Oil Grado 3;1971;12/2/2026 15:50;GULF;-3.178.869;-6.051.624;2026;2
COMBUSTIBLES PARANA SAS;Gas Oil Grado 3;2054;13/3/2026 12:23;GULF;-3.178.869;-6.051.624;2026;3
COMBUSTIBLES PARANA SAS;Gas Oil Grado 3;1823;13/11/2025 10:12;GULF;-3.178.869;-6.051.624;2025;11
COMBUSTIBLES PARANA SAS;Gas Oil Grado 3;139.400;14/3/2022 17:29;GULF;-3.178.869;-6.051.624;2022;3
COMBUSTIBLES PARANA SAS;Gas Oil Grado 3;1443;14/5/2025 14:54;GULF;-3.178.869;-6.051.624;2025;5
COMBUSTIBLES PARANA SAS;Gas Oil Grado 3;819;14/12/2023 17:36;GULF;-3.178.869;-6.051.624;2023;12
COMBUSTIBLES PARANA SAS;Gas Oil Grado 3;1944;15/1/2026 15:11;GULF;-3.178.869;-6.051.624;2026;1
COMBUSTIBLES PARANA SAS;Gas Oil Grado 3;1618;15/8/2025 11:29;GULF;-3.178.869;-6.051.624;2025;8
COMBUSTIBLES PARANA SAS;Gas Oil Grado 3;1695;15/9/2025 10:53;GULF;-3.178.869;-6.051.624;2025;9
COMBUSTIBLES PARANA SAS;Gas Oil Grado 3;278.1;16/1/2023 09:50;GULF;-3.178.869;-6.051.624;2023;1
COMBUSTIBLES PARANA SAS;Gas Oil Grado 3;291.3;16/2/2023 19:42;GULF;-3.178.869;-6.051.624;2023;2
COMBUSTIBLES PARANA SAS;Gas Oil Grado 3;300.5;16/3/2023 09:47;GULF;-3.178.869;-6.051.624;2023;3
COMBUSTIBLES PARANA SAS;Gas Oil Grado 3;305.8;16/4/2023 14:30;GULF;-3.178.869;-6.051.624;2023;4
COMBUSTIBLES PARANA SAS;Gas Oil Grado 3;319.9;17/5/2023 11:10;GULF;-3.178.869;-6.051.624;2023;5
COMBUSTIBLES PARANA SAS;Gas Oil Grado 3;195.0;17/6/2022 10:06;GULF;-3.178.869;-6.051.624;2022;6
COMBUSTIBLES PARANA SAS;Gas Oil Grado 3;329.5;17/6/2023 10:12;GULF;-3.178.869;-6.051.624;2023;6
COMBUSTIBLES PARANA SAS;Gas Oil Grado 3;2110;18/3/2026 12:25;GULF;-3.178.869;-6.051.624;2026;3
COMBUSTIBLES PARANA SAS;Gas Oil Grado 3;404.8;18/8/2023 09:25;GULF;-3.178.869;-6.051.624;2023;8
COMBUSTIBLES PARANA SAS;Gas Oil Grado 3;1999;19/2/2026 15:52;GULF;-3.178.869;-6.051.624;2026;2
COMBUSTIBLES PARANA SAS;Gas Oil Grado 3;2167;20/3/2026 12:26;GULF;-3.178.869;-6.051.624;2026;3
COMBUSTIBLES PARANA SAS;Gas Oil Grado 3;2185;21/3/2026 12:28;GULF;-3.178.869;-6.051.624;2026;3
COMBUSTIBLES PARANA SAS;Gas Oil Grado 3;1499;21/6/2025 16:26;GULF;-3.178.869;-6.051.624;2025;6
COMBUSTIBLES PARANA SAS;Gas Oil Grado 3;1554;21/7/2025 10:39;GULF;-3.178.869;-6.051.624;2025;7
COMBUSTIBLES PARANA SAS;Gas Oil Grado 3;208.3;21/8/2022 10:51;GULF;-3.178.869;-6.051.624;2022;8
COMBUSTIBLES PARANA SAS;Gas Oil Grado 3;1630;21/8/2025 09:56;GULF;-3.178.869;-6.051.624;2025;8
COMBUSTIBLES PARANA SAS;Gas Oil Grado 3;417;23/10/2023 14:00;GULF;-3.178.869;-6.051.624;2023;10
COMBUSTIBLES PARANA SAS;Gas Oil Grado 3;2257;25/3/2026 12:30;GULF;-3.178.869;-6.051.624;2026;3
COMBUSTIBLES PARANA SAS;Gas Oil Grado 3;1717;25/9/2025 16:05;GULF;-3.178.869;-6.051.624;2025;9
COMBUSTIBLES PARANA SAS;Gas Oil Grado 3;510;25/11/2023 11:57;GULF;-3.178.869;-6.051.624;2023;11
COMBUSTIBLES PARANA SAS;Gas Oil Grado 3;2280;26/3/2026 12:32;GULF;-3.178.869;-6.051.624;2026;3
COMBUSTIBLES PARANA SAS;Gas Oil Grado 3;2300;27/3/2026 12:33;GULF;-3.178.869;-6.051.624;2026;3
COMBUSTIBLES PARANA SAS;Gas Oil Grado 3;1908;27/11/2025 15:54;GULF;-3.178.869;-6.051.624;2025;11
COMBUSTIBLES PARANA SAS;Gas Oil Grado 3;2338;28/3/2026 12:35;GULF;-3.178.869;-6.051.624;2026;3
COMBUSTIBLES PARANA SAS;Gas Oil Grado 3;1763;30/10/2025 15:06;GULF;-3.178.869;-6.051.624;2025;10
COMBUSTIBLES PARANA SAS;Nafta (premium) de más de 95 Ron;1031;1/2/2024 16:48;GULF;-3.178.869;-6.051.624;2024;2
COMBUSTIBLES PARANA SAS;Nafta (premium) de más de 95 Ron;1473;1/2/2025 17:13;GULF;-3.178.869;-6.051.624;2025;2
COMBUSTIBLES PARANA SAS;Nafta (premium) de más de 95 Ron;1501;1/3/2025 11:25;GULF;-3.178.869;-6.051.624;2025;3
COMBUSTIBLES PARANA SAS;Nafta (premium) de más de 95 Ron;1161;1/4/2024 15:42;GULF;-3.178.869;-6.051.624;2024;4
COMBUSTIBLES PARANA SAS;Nafta (premium) de más de 95 Ron;1527;1/4/2025 16:25;GULF;-3.178.869;-6.051.624;2025;4
COMBUSTIBLES PARANA SAS;Nafta (premium) de más de 95 Ron;1435;1/5/2025 13:00;GULF;-3.178.869;-6.051.624;2025;5
COMBUSTIBLES PARANA SAS;Nafta (premium) de más de 95 Ron;1256;1/6/2024 11:49;GULF;-3.178.869;-6.051.624;2024;6
COMBUSTIBLES PARANA SAS;Nafta (premium) de más de 95 Ron;1274;1/7/2024 17:05;GULF;-3.178.869;-6.051.624;2024;7
COMBUSTIBLES PARANA SAS;Nafta (premium) de más de 95 Ron;322.0;1/8/2023 16:38;GULF;-3.178.869;-6.051.624;2023;8
COMBUSTIBLES PARANA SAS;Nafta (premium) de más de 95 Ron;1326;1/8/2024 14:24;GULF;-3.178.869;-6.051.624;2024;8
COMBUSTIBLES PARANA SAS;Nafta (premium) de más de 95 Ron;1563;1/8/2025 16:29;GULF;-3.178.869;-6.051.624;2025;8
COMBUSTIBLES PARANA SAS;Nafta (premium) de más de 95 Ron;1376;1/9/2024 18:21;GULF;-3.178.869;-6.051.624;2024;9
COMBUSTIBLES PARANA SAS;Nafta (premium) de más de 95 Ron;183.8;1/10/2022 12:04;GULF;-3.178.869;-6.051.624;2022;10
COMBUSTIBLES PARANA SAS;Nafta (premium) de más de 95 Ron;1362;1/10/2024 19:05;GULF;-3.178.869;-6.051.624;2024;10
COMBUSTIBLES PARANA SAS;Nafta (premium) de más de 95 Ron;1725;1/10/2025 12:18;GULF;-3.178.869;-6.051.624;2025;10
COMBUSTIBLES PARANA SAS;Nafta (premium) de más de 95 Ron;408;1/11/2023 18:40;GULF;-3.178.869;-6.051.624;2023;11
COMBUSTIBLES PARANA SAS;Nafta (premium) de más de 95 Ron;1400;1/11/2024 13:49;GULF;-3.178.869;-6.051.624;2024;11
COMBUSTIBLES PARANA SAS;Nafta (premium) de más de 95 Ron;1773;1/11/2025 11:16;GULF;-3.178.869;-6.051.624;2025;11
COMBUSTIBLES PARANA SAS;Nafta (premium) de más de 95 Ron;1419;1/12/2024 12:22;GULF;-3.178.869;-6.051.624;2024;12
COMBUSTIBLES PARANA SAS;Nafta (premium) de más de 95 Ron;1900;1/12/2025 15:56;GULF;-3.178.869;-6.051.624;2025;12
COMBUSTIBLES PARANA SAS;Nafta (premium) de más de 95 Ron;1109;2/3/2024 09:55;GULF;-3.178.869;-6.051.624;2024;3
COMBUSTIBLES PARANA SAS;Nafta (premium) de más de 95 Ron;1187;2/5/2024 15:23;GULF;-3.178.869;-6.051.624;2024;5
COMBUSTIBLES PARANA SAS;Nafta (premium) de más de 95 Ron;1454;2/6/2025 09:27;GULF;-3.178.869;-6.051.624;2025;6
COMBUSTIBLES PARANA SAS;Nafta (premium) de más de 95 Ron;321.2;2/8/2023 15:11;GULF;-3.178.869;-6.051.624;2023;8
COMBUSTIBLES PARANA SAS;Nafta (premium) de más de 95 Ron;1670;2/9/2025 14:22;GULF;-3.178.869;-6.051.624;2025;9
COMBUSTIBLES PARANA SAS;Nafta (premium) de más de 95 Ron;969;3/1/2024 14:15;GULF;-3.178.869;-6.051.624;2024;1
COMBUSTIBLES PARANA SAS;Nafta (premium) de más de 95 Ron;1444;3/1/2025 14:48;GULF;-3.178.869;-6.051.624;2025;1
COMBUSTIBLES PARANA SAS;Nafta (premium) de más de 95 Ron;1444;3/6/2025 16:25;GULF;-3.178.869;-6.051.624;2025;6
COMBUSTIBLES PARANA SAS;Nafta (premium) de más de 95 Ron;197.6;3/11/2022 09:51;GULF;-3.178.869;-6.051.624;2022;11
COMBUSTIBLES PARANA SAS;Nafta (premium) de más de 95 Ron;1885;4/2/2026 15:14;GULF;-3.178.869;-6.051.624;2026;2
COMBUSTIBLES PARANA SAS;Nafta (premium) de más de 95 Ron;1917;4/3/2026 12:18;GULF;-3.178.869;-6.051.624;2026;3
COMBUSTIBLES PARANA SAS;Nafta (premium) de más de 95 Ron;209.3;4/12/2022 10:49;GULF;-3.178.869;-6.051.624;2022;12
COMBUSTIBLES PARANA SAS;Nafta (premium) de más de 95 Ron;1588;5/8/2025 17:07;GULF;-3.178.869;-6.051.624;2025;8
COMBUSTIBLES PARANA SAS;Nafta (premium) de más de 95 Ron;1236;7/6/2024 18:41;GULF;-3.178.869;-6.051.624;2024;6
COMBUSTIBLES PARANA SAS;Nafta (premium) de más de 95 Ron;1872;8/1/2026 14:41;GULF;-3.178.869;-6.051.624;2026;1
COMBUSTIBLES PARANA SAS;Nafta (premium) de más de 95 Ron;307.40;8/7/2023 15:07;GULF;-3.178.869;-6.051.624;2023;7
COMBUSTIBLES PARANA SAS;Nafta (premium) de más de 95 Ron;530;8/12/2023 12:16;GULF;-3.178.869;-6.051.624;2023;12
COMBUSTIBLES PARANA SAS;Nafta (premium) de más de 95 Ron;157.10;9/5/2022 09:46;GULF;-3.178.869;-6.051.624;2022;5
COMBUSTIBLES PARANA SAS;Nafta (premium) de más de 95 Ron;1731;9/10/2025 11:01;GULF;-3.178.869;-6.051.624;2025;10
COMBUSTIBLES PARANA SAS;Nafta (premium) de más de 95 Ron;1957;10/3/2026 12:20;GULF;-3.178.869;-6.051.624;2026;3
COMBUSTIBLES PARANA SAS;Nafta (premium) de más de 95 Ron;1934;11/3/2026 12:22;GULF;-3.178.869;-6.051.624;2026;3
COMBUSTIBLES PARANA SAS;Nafta (premium) de más de 95 Ron;1902;11/12/2025 10:26;GULF;-3.178.869;-6.051.624;2025;12
COMBUSTIBLES PARANA SAS;Nafta (premium) de más de 95 Ron;1879;12/2/2026 15:51;GULF;-3.178.869;-6.051.624;2026;2
COMBUSTIBLES PARANA SAS;Nafta (premium) de más de 95 Ron;1950;13/3/2026 12:24;GULF;-3.178.869;-6.051.624;2026;3
COMBUSTIBLES PARANA SAS;Nafta (premium) de más de 95 Ron;1795;13/11/2025 10:13;GULF;-3.178.869;-6.051.624;2025;11
COMBUSTIBLES PARANA SAS;Nafta (premium) de más de 95 Ron;139.400;14/3/2022 17:32;GULF;-3.178.869;-6.051.624;2022;3
COMBUSTIBLES PARANA SAS;Nafta (premium) de más de 95 Ron;1438;14/5/2025 14:55;GULF;-3.178.869;-6.051.624;2025;5
COMBUSTIBLES PARANA SAS;Nafta (premium) de más de 95 Ron;769;14/12/2023 17:37;GULF;-3.178.869;-6.051.624;2023;12
COMBUSTIBLES PARANA SAS;Nafta (premium) de más de 95 Ron;1875;15/1/2026 15:12;GULF;-3.178.869;-6.051.624;2026;1
COMBUSTIBLES PARANA SAS;Nafta (premium) de más de 95 Ron;1620;15/8/2025 11:30;GULF;-3.178.869;-6.051.624;2025;8
COMBUSTIBLES PARANA SAS;Nafta (premium) de más de 95 Ron;1690;15/9/2025 10:51;GULF;-3.178.869;-6.051.624;2025;9
COMBUSTIBLES PARANA SAS;Nafta (premium) de más de 95 Ron;222.9;16/1/2023 09:49;GULF;-3.178.869;-6.051.624;2023;1
COMBUSTIBLES PARANA SAS;Nafta (premium) de más de 95 Ron;234.3;16/2/2023 19:41;GULF;-3.178.869;-6.051.624;2023;2
COMBUSTIBLES PARANA SAS;Nafta (premium) de más de 95 Ron;246.3;16/3/2023 09:46;GULF;-3.178.869;-6.051.624;2023;3
COMBUSTIBLES PARANA SAS;Nafta (premium) de más de 95 Ron;260.40;16/4/2023 14:36;GULF;-3.178.869;-6.051.624;2023;4
COMBUSTIBLES PARANA SAS;Nafta (premium) de más de 95 Ron;272.4;17/5/2023 11:12;GULF;-3.178.869;-6.051.624;2023;5
COMBUSTIBLES PARANA SAS;Nafta (premium) de más de 95 Ron;294.2;17/6/2023 10:13;GULF;-3.178.869;-6.051.624;2023;6
COMBUSTIBLES PARANA SAS;Nafta (premium) de más de 95 Ron;2010;18/3/2026 12:25;GULF;-3.178.869;-6.051.624;2026;3
COMBUSTIBLES PARANA SAS;Nafta (premium) de más de 95 Ron;361.4;18/8/2023 09:22;GULF;-3.178.869;-6.051.624;2023;8
COMBUSTIBLES PARANA SAS;Nafta (premium) de más de 95 Ron;1858;18/12/2025 14:36;GULF;-3.178.869;-6.051.624;2025;12
COMBUSTIBLES PARANA SAS;Nafta (premium) de más de 95 Ron;1900;19/2/2026 15:53;GULF;-3.178.869;-6.051.624;2026;2
COMBUSTIBLES PARANA SAS;Nafta (premium) de más de 95 Ron;2061;20/3/2026 12:27;GULF;-3.178.869;-6.051.624;2026;3
COMBUSTIBLES PARANA SAS;Nafta (premium) de más de 95 Ron;2079;21/3/2026 12:28;GULF;-3.178.869;-6.051.624;2026;3
COMBUSTIBLES PARANA SAS;Nafta (premium) de más de 95 Ron;1494;21/6/2025 16:25;GULF;-3.178.869;-6.051.624;2025;6
COMBUSTIBLES PARANA SAS;Nafta (premium) de más de 95 Ron;1549;21/7/2025 10:35;GULF;-3.178.869;-6.051.624;2025;7
COMBUSTIBLES PARANA SAS;Nafta (premium) de más de 95 Ron;173.4;21/8/2022 10:58;GULF;-3.178.869;-6.051.624;2022;8
COMBUSTIBLES PARANA SAS;Nafta (premium) de más de 95 Ron;1621;21/8/2025 09:55;GULF;-3.178.869;-6.051.624;2025;8
COMBUSTIBLES PARANA SAS;Nafta (premium) de más de 95 Ron;372;23/10/2023 14:00;GULF;-3.178.869;-6.051.624;2023;10
COMBUSTIBLES PARANA SAS;Nafta (premium) de más de 95 Ron;2151;25/3/2026 12:31;GULF;-3.178.869;-6.051.624;2026;3
COMBUSTIBLES PARANA SAS;Nafta (premium) de más de 95 Ron;1683;25/9/2025 16:04;GULF;-3.178.869;-6.051.624;2025;9
COMBUSTIBLES PARANA SAS;Nafta (premium) de más de 95 Ron;461;25/11/2023 11:58;GULF;-3.178.869;-6.051.624;2023;11
COMBUSTIBLES PARANA SAS;Nafta (premium) de más de 95 Ron;2173;26/3/2026 12:32;GULF;-3.178.869;-6.051.624;2026;3
COMBUSTIBLES PARANA SAS;Nafta (premium) de más de 95 Ron;2200;27/3/2026 12:34;GULF;-3.178.869;-6.051.624;2026;3
COMBUSTIBLES PARANA SAS;Nafta (premium) de más de 95 Ron;1877;27/11/2025 15:53;GULF;-3.178.869;-6.051.624;2025;11
COMBUSTIBLES PARANA SAS;Nafta (premium) de más de 95 Ron;2228;28/3/2026 12:36;GULF;-3.178.869;-6.051.624;2026;3
COMBUSTIBLES PARANA SAS;Nafta (premium) de más de 95 Ron;1743;30/10/2025 15:05;GULF;-3.178.869;-6.051.624;2025;10
COMBUSTIBLES PARANA SAS;Nafta (súper) entre 92 y 95 Ron;858;1/2/2024 16:48;GULF;-3.178.869;-6.051.624;2024;2
COMBUSTIBLES PARANA SAS;Nafta (súper) entre 92 y 95 Ron;1229;1/2/2025 17:09;GULF;-3.178.869;-6.051.624;2025;2
COMBUSTIBLES PARANA SAS;Nafta (súper) entre 92 y 95 Ron;1252;1/3/2025 11:22;GULF;-3.178.869;-6.051.624;2025;3
COMBUSTIBLES PARANA SAS;Nafta (súper) entre 92 y 95 Ron;966;1/4/2024 15:41;GULF;-3.178.869;-6.051.624;2024;4
COMBUSTIBLES PARANA SAS;Nafta (súper) entre 92 y 95 Ron;1274;1/4/2025 16:25;GULF;-3.178.869;-6.051.624;2025;4
COMBUSTIBLES PARANA SAS;Nafta (súper) entre 92 y 95 Ron;1249;1/5/2025 12:59;GULF;-3.178.869;-6.051.624;2025;5
COMBUSTIBLES PARANA SAS;Nafta (súper) entre 92 y 95 Ron;1046;1/6/2024 11:48;GULF;-3.178.869;-6.051.624;2024;6
COMBUSTIBLES PARANA SAS;Nafta (súper) entre 92 y 95 Ron;1057;1/7/2024 17:04;GULF;-3.178.869;-6.051.624;2024;7
COMBUSTIBLES PARANA SAS;Nafta (súper) entre 92 y 95 Ron;254.0;1/8/2023 16:38;GULF;-3.178.869;-6.051.624;2023;8
COMBUSTIBLES PARANA SAS;Nafta (súper) entre 92 y 95 Ron;1104;1/8/2024 14:23;GULF;-3.178.869;-6.051.624;2024;8
COMBUSTIBLES PARANA SAS;Nafta (súper) entre 92 y 95 Ron;1365;1/8/2025 16:29;GULF;-3.178.869;-6.051.624;2025;8
COMBUSTIBLES PARANA SAS;Nafta (súper) entre 92 y 95 Ron;1146;1/9/2024 18:21;GULF;-3.178.869;-6.051.624;2024;9
COMBUSTIBLES PARANA SAS;Nafta (súper) entre 92 y 95 Ron;150.8;1/10/2022 12:02;GULF;-3.178.869;-6.051.624;2022;10
COMBUSTIBLES PARANA SAS;Nafta (súper) entre 92 y 95 Ron;1135;1/10/2024 19:05;GULF;-3.178.869;-6.051.624;2024;10
COMBUSTIBLES PARANA SAS;Nafta (súper) entre 92 y 95 Ron;1505;1/10/2025 12:16;GULF;-3.178.869;-6.051.624;2025;10
COMBUSTIBLES PARANA SAS;Nafta (súper) entre 92 y 95 Ron;322;1/11/2023 18:31;GULF;-3.178.869;-6.051.624;2023;11
COMBUSTIBLES PARANA SAS;Nafta (súper) entre 92 y 95 Ron;1167;1/11/2024 13:49;GULF;-3.178.869;-6.051.624;2024;11
COMBUSTIBLES PARANA SAS;Nafta (súper) entre 92 y 95 Ron;1555;1/11/2025 11:15;GULF;-3.178.869;-6.051.624;2025;11
COMBUSTIBLES PARANA SAS;Nafta (súper) entre 92 y 95 Ron;1183;1/12/2024 12:13;GULF;-3.178.869;-6.051.624;2024;12
COMBUSTIBLES PARANA SAS;Nafta (súper) entre 92 y 95 Ron;1679;1/12/2025 15:58;GULF;-3.178.869;-6.051.624;2025;12
COMBUSTIBLES PARANA SAS;Nafta (súper) entre 92 y 95 Ron;923;2/3/2024 09:55;GULF;-3.178.869;-6.051.624;2024;3
COMBUSTIBLES PARANA SAS;Nafta (súper) entre 92 y 95 Ron;985;2/5/2024 15:06;GULF;-3.178.869;-6.051.624;2024;5
COMBUSTIBLES PARANA SAS;Nafta (súper) entre 92 y 95 Ron;1266;2/6/2025 09:26;GULF;-3.178.869;-6.051.624;2025;6
COMBUSTIBLES PARANA SAS;Nafta (súper) entre 92 y 95 Ron;253.9;2/8/2023 15:11;GULF;-3.178.869;-6.051.624;2023;8
COMBUSTIBLES PARANA SAS;Nafta (súper) entre 92 y 95 Ron;1452;2/9/2025 14:21;GULF;-3.178.869;-6.051.624;2025;9
COMBUSTIBLES PARANA SAS;Nafta (súper) entre 92 y 95 Ron;806;3/1/2024 14:14;GULF;-3.178.869;-6.051.624;2024;1
COMBUSTIBLES PARANA SAS;Nafta (súper) entre 92 y 95 Ron;1204;3/1/2025 14:47;GULF;-3.178.869;-6.051.624;2025;1
COMBUSTIBLES PARANA SAS;Nafta (súper) entre 92 y 95 Ron;1256;3/6/2025 16:24;GULF;-3.178.869;-6.051.624;2025;6
COMBUSTIBLES PARANA SAS;Nafta (súper) entre 92 y 95 Ron;161.4;3/11/2022 09:50;GULF;-3.178.869;-6.051.624;2022;11
COMBUSTIBLES PARANA SAS;Nafta (súper) entre 92 y 95 Ron;1694;4/2/2026 15:13;GULF;-3.178.869;-6.051.624;2026;2
COMBUSTIBLES PARANA SAS;Nafta (súper) entre 92 y 95 Ron;1722;4/3/2026 12:17;GULF;-3.178.869;-6.051.624;2026;3
COMBUSTIBLES PARANA SAS;Nafta (súper) entre 92 y 95 Ron;168.7;4/12/2022 10:47;GULF;-3.178.869;-6.051.624;2022;12
COMBUSTIBLES PARANA SAS;Nafta (súper) entre 92 y 95 Ron;1382;6/8/2025 17:12;GULF;-3.178.869;-6.051.624;2025;8
COMBUSTIBLES PARANA SAS;Nafta (súper) entre 92 y 95 Ron;1026;7/6/2024 18:41;GULF;-3.178.869;-6.051.624;2024;6
COMBUSTIBLES PARANA SAS;Nafta (súper) entre 92 y 95 Ron;1683;8/1/2026 14:40;GULF;-3.178.869;-6.051.624;2026;1
COMBUSTIBLES PARANA SAS;Nafta (súper) entre 92 y 95 Ron;243;8/7/2023 15:07;GULF;-3.178.869;-6.051.624;2023;7
COMBUSTIBLES PARANA SAS;Nafta (súper) entre 92 y 95 Ron;423;8/12/2023 12:15;GULF;-3.178.869;-6.051.624;2023;12
COMBUSTIBLES PARANA SAS;Nafta (súper) entre 92 y 95 Ron;128.90;9/5/2022 09:45;GULF;-3.178.869;-6.051.624;2022;5
COMBUSTIBLES PARANA SAS;Nafta (súper) entre 92 y 95 Ron;1508;9/10/2025 11:00;GULF;-3.178.869;-6.051.624;2025;10
COMBUSTIBLES PARANA SAS;Nafta (súper) entre 92 y 95 Ron;1762;10/3/2026 12:19;GULF;-3.178.869;-6.051.624;2026;3
COMBUSTIBLES PARANA SAS;Nafta (súper) entre 92 y 95 Ron;1712;11/12/2025 10:26;GULF;-3.178.869;-6.051.624;2025;12
COMBUSTIBLES PARANA SAS;Nafta (súper) entre 92 y 95 Ron;1701;12/2/2026 15:50;GULF;-3.178.869;-6.051.624;2026;2
COMBUSTIBLES PARANA SAS;Nafta (súper) entre 92 y 95 Ron;1840;13/3/2026 12:23;GULF;-3.178.869;-6.051.624;2026;3
COMBUSTIBLES PARANA SAS;Nafta (súper) entre 92 y 95 Ron;1591;13/11/2025 10:12;GULF;-3.178.869;-6.051.624;2025;11
COMBUSTIBLES PARANA SAS;Nafta (súper) entre 92 y 95 Ron;116.100;14/3/2022 17:31;GULF;-3.178.869;-6.051.624;2022;3
COMBUSTIBLES PARANA SAS;Nafta (súper) entre 92 y 95 Ron;1252;14/5/2025 14:54;GULF;-3.178.869;-6.051.624;2025;5
COMBUSTIBLES PARANA SAS;Nafta (súper) entre 92 y 95 Ron;639;14/12/2023 17:36;GULF;-3.178.869;-6.051.624;2023;12
COMBUSTIBLES PARANA SAS;Nafta (súper) entre 92 y 95 Ron;1684;15/1/2026 15:11;GULF;-3.178.869;-6.051.624;2026;1
COMBUSTIBLES PARANA SAS;Nafta (súper) entre 92 y 95 Ron;1423;15/8/2025 11:29;GULF;-3.178.869;-6.051.624;2025;8
COMBUSTIBLES PARANA SAS;Nafta (súper) entre 92 y 95 Ron;1467;15/9/2025 10:49;GULF;-3.178.869;-6.051.624;2025;9
COMBUSTIBLES PARANA SAS;Nafta (súper) entre 92 y 95 Ron;176.3;16/1/2023 09:46;GULF;-3.178.869;-6.051.624;2023;1
COMBUSTIBLES PARANA SAS;Nafta (súper) entre 92 y 95 Ron;185.2;16/2/2023 19:39;GULF;-3.178.869;-6.051.624;2023;2
COMBUSTIBLES PARANA SAS;Nafta (súper) entre 92 y 95 Ron;196.4;16/3/2023 09:42;GULF;-3.178.869;-6.051.624;2023;3
COMBUSTIBLES PARANA SAS;Nafta (súper) entre 92 y 95 Ron;209.1;16/4/2023 14:32;GULF;-3.178.869;-6.051.624;2023;4
COMBUSTIBLES PARANA SAS;Nafta (súper) entre 92 y 95 Ron;219.3;17/5/2023 11:11;GULF;-3.178.869;-6.051.624;2023;5
COMBUSTIBLES PARANA SAS;Nafta (súper) entre 92 y 95 Ron;232.5;17/6/2023 10:12;GULF;-3.178.869;-6.051.624;2023;6
COMBUSTIBLES PARANA SAS;Nafta (súper) entre 92 y 95 Ron;1880;18/3/2026 12:25;GULF;-3.178.869;-6.051.624;2026;3
COMBUSTIBLES PARANA SAS;Nafta (súper) entre 92 y 95 Ron;285.6;18/8/2023 08:49;GULF;-3.178.869;-6.051.624;2023;8
COMBUSTIBLES PARANA SAS;Nafta (súper) entre 92 y 95 Ron;1673;18/12/2025 14:28;GULF;-3.178.869;-6.051.624;2025;12
COMBUSTIBLES PARANA SAS;Nafta (súper) entre 92 y 95 Ron;1715;19/2/2026 15:52;GULF;-3.178.869;-6.051.624;2026;2
COMBUSTIBLES PARANA SAS;Nafta (súper) entre 92 y 95 Ron;1903;20/3/2026 12:26;GULF;-3.178.869;-6.051.624;2026;3
COMBUSTIBLES PARANA SAS;Nafta (súper) entre 92 y 95 Ron;1923;21/3/2026 12:28;GULF;-3.178.869;-6.051.624;2026;3
COMBUSTIBLES PARANA SAS;Nafta (súper) entre 92 y 95 Ron;1306;21/6/2025 16:24;GULF;-3.178.869;-6.051.624;2025;6
COMBUSTIBLES PARANA SAS;Nafta (súper) entre 92 y 95 Ron;1346;21/7/2025 10:30;GULF;-3.178.869;-6.051.624;2025;7
COMBUSTIBLES PARANA SAS;Nafta (súper) entre 92 y 95 Ron;142.3;21/8/2022 10:52;GULF;-3.178.869;-6.051.624;2022;8
COMBUSTIBLES PARANA SAS;Nafta (súper) entre 92 y 95 Ron;1399;21/8/2025 09:55;GULF;-3.178.869;-6.051.624;2025;8
COMBUSTIBLES PARANA SAS;Nafta (súper) entre 92 y 95 Ron;294;23/10/2023 14:00;GULF;-3.178.869;-6.051.624;2023;10
COMBUSTIBLES PARANA SAS;Nafta (súper) entre 92 y 95 Ron;2003;25/3/2026 12:30;GULF;-3.178.869;-6.051.624;2026;3
COMBUSTIBLES PARANA SAS;Nafta (súper) entre 92 y 95 Ron;1483;25/9/2025 16:08;GULF;-3.178.869;-6.051.624;2025;9
COMBUSTIBLES PARANA SAS;Nafta (súper) entre 92 y 95 Ron;368;25/11/2023 11:59;GULF;-3.178.869;-6.051.624;2023;11
COMBUSTIBLES PARANA SAS;Nafta (súper) entre 92 y 95 Ron;2023;26/3/2026 12:32;GULF;-3.178.869;-6.051.624;2026;3
COMBUSTIBLES PARANA SAS;Nafta (súper) entre 92 y 95 Ron;2050;27/3/2026 12:33;GULF;-3.178.869;-6.051.624;2026;3
COMBUSTIBLES PARANA SAS;Nafta (súper) entre 92 y 95 Ron;1670;27/11/2025 15:52;GULF;-3.178.869;-6.051.624;2025;11
COMBUSTIBLES PARANA SAS;Nafta (súper) entre 92 y 95 Ron;2074;28/3/2026 12:36;GULF;-3.178.869;-6.051.624;2026;3
COMBUSTIBLES PARANA SAS;Nafta (súper) entre 92 y 95 Ron;1525;30/10/2025 15:04;GULF;-3.178.869;-6.051.624;2025;10
COOP. LA GANADERA GRAL. RAMIREZ LTDA.;Gas Oil Grado 2;17.90;12/1/2017 19:24;BLANCA;-31.385.829;-60.096.117;2017;1
COOP. LA GANADERA GRAL. RAMIREZ LTDA.;Gas Oil Grado 2;17.30;20/4/2017 19:29;BLANCA;-31.385.829;-60.096.117;2017;4
COOP. LA GANADERA GRAL. RAMIREZ LTDA.;Gas Oil Grado 2;17.50;23/3/2017 15:54;BLANCA;-31.385.829;-60.096.117;2017;3
DAMARRA S.R.L.;Gas Oil Grado 2;38.99;1/10/2018 21:53;BLANCA;-31.746.889;-60.525.064;2018;10
DAMARRA S.R.L.;Gas Oil Grado 2;55.99;2/12/2019 21:37;BLANCA;-31.746.889;-60.525.064;2019;12
DAMARRA S.R.L.;Gas Oil Grado 2;44.69;3/4/2019 14:54;BLANCA;-31.746.889;-60.525.064;2019;4
DAMARRA S.R.L.;Gas Oil Grado 2;34.59;3/9/2018 22:03;BLANCA;-31.746.889;-60.525.064;2018;9
DAMARRA S.R.L.;Gas Oil Grado 2;19.19;5/7/2017 19:35;BLANCA;-31.746.889;-60.525.064;2017;7
DAMARRA S.R.L.;Gas Oil Grado 2;17.93;6/3/2017 23:38;BLANCA;-31.746.889;-60.525.064;2017;3
DAMARRA S.R.L.;Gas Oil Grado 2;24.89;6/4/2018 21:51;BLANCA;-31.746.889;-60.525.064;2018;4
DAMARRA S.R.L.;Gas Oil Grado 2;22.19;6/12/2017 10:38;BLANCA;-31.746.889;-60.525.064;2017;12
DAMARRA S.R.L.;Gas Oil Grado 2;23.05;8/2/2018 21:51;BLANCA;-31.746.889;-60.525.064;2018;2
DAMARRA S.R.L.;Gas Oil Grado 2;69.69;11/1/2021 21:42;BLANCA;-31.746.889;-60.525.064;2021;1
DAMARRA S.R.L.;Gas Oil Grado 2;25.89;11/5/2018 11:42;BLANCA;-31.746.889;-60.525.064;2018;5
DAMARRA S.R.L.;Gas Oil Grado 2;26.89;11/6/2018 21:34;BLANCA;-31.746.889;-60.525.064;2018;6
DAMARRA S.R.L.;Gas Oil Grado 2;75.99;12/2/2021 11:19;BLANCA;-31.746.889;-60.525.064;2021;2
DAMARRA S.R.L.;Gas Oil Grado 2;23.59;14/2/2018 21:43;BLANCA;-31.746.889;-60.525.064;2018;2
DAMARRA S.R.L.;Gas Oil Grado 2;70.99;15/1/2021 21:48;BLANCA;-31.746.889;-60.525.064;2021;1
DAMARRA S.R.L.;Gas Oil Grado 2;123.9;15/3/2022 21:38;BLANCA;-31.746.889;-60.525.064;2022;3
DAMARRA S.R.L.;Gas Oil Grado 2;61.79;16/10/2020 21:26;BLANCA;-31.746.889;-60.525.064;2020;10
DAMARRA S.R.L.;Gas Oil Grado 2;23.19;18/1/2018 01:05;BLANCA;-31.746.889;-60.525.064;2018;1
DAMARRA S.R.L.;Gas Oil Grado 2;59.99;19/9/2020 21:59;BLANCA;-31.746.889;-60.525.064;2020;9
DAMARRA S.R.L.;Gas Oil Grado 2;23.89;20/3/2018 22:15;BLANCA;-31.746.889;-60.525.064;2018;3
DAMARRA S.R.L.;Gas Oil Grado 2;92.40;25/6/2021 20:21;BLANCA;-31.746.889;-60.525.064;2021;6
DAMARRA S.R.L.;Gas Oil Grado 2;39.99;28/12/2018 21:45;BLANCA;-31.746.889;-60.525.064;2018;12
DAMARRA S.R.L.;Gas Oil Grado 2;46.49;30/4/2019 21:57;BLANCA;-31.746.889;-60.525.064;2019;4
DAMARRA S.R.L.;Gas Oil Grado 2;51.89;31/10/2019 21:59;BLANCA;-31.746.889;-60.525.064;2019;10
DAMARRA S.R.L.;Gas Oil Grado 3;45.59;1/10/2018 21:53;BLANCA;-31.746.889;-60.525.064;2018;10
DAMARRA S.R.L.;Gas Oil Grado 3;65.59;2/12/2019 21:37;BLANCA;-31.746.889;-60.525.064;2019;12
DAMARRA S.R.L.;Gas Oil Grado 3;50.99;3/4/2019 14:55;BLANCA;-31.746.889;-60.525.064;2019;4
DAMARRA S.R.L.;Gas Oil Grado 3;39.99;3/9/2018 22:03;BLANCA;-31.746.889;-60.525.064;2018;9
DAMARRA S.R.L.;Gas Oil Grado 3;22.63;5/7/2017 19:34;BLANCA;-31.746.889;-60.525.064;2017;7
DAMARRA S.R.L.;Gas Oil Grado 3;52.99;5/7/2019 21:29;BLANCA;-31.746.889;-60.525.064;2019;7
DAMARRA S.R.L.;Gas Oil Grado 3;21.15;6/3/2017 23:38;BLANCA;-31.746.889;-60.525.064;2017;3
DAMARRA S.R.L.;Gas Oil Grado 3;29.49;6/4/2018 21:52;BLANCA;-31.746.889;-60.525.064;2018;4
DAMARRA S.R.L.;Gas Oil Grado 3;25.79;6/12/2017 10:38;BLANCA;-31.746.889;-60.525.064;2017;12
DAMARRA S.R.L.;Gas Oil Grado 3;26.05;8/2/2018 21:52;BLANCA;-31.746.889;-60.525.064;2018;2
DAMARRA S.R.L.;Gas Oil Grado 3;82.99;11/1/2021 21:42;BLANCA;-31.746.889;-60.525.064;2021;1
DAMARRA S.R.L.;Gas Oil Grado 3;30.49;11/5/2018 11:41;BLANCA;-31.746.889;-60.525.064;2018;5
DAMARRA S.R.L.;Gas Oil Grado 3;31.99;11/6/2018 21:33;BLANCA;-31.746.889;-60.525.064;2018;6
DAMARRA S.R.L.;Gas Oil Grado 3;89.99;12/2/2021 11:21;BLANCA;-31.746.889;-60.525.064;2021;2
DAMARRA S.R.L.;Gas Oil Grado 3;27.99;14/2/2018 21:42;BLANCA;-31.746.889;-60.525.064;2018;2
DAMARRA S.R.L.;Gas Oil Grado 3;84.29;15/1/2021 21:48;BLANCA;-31.746.889;-60.525.064;2021;1
DAMARRA S.R.L.;Gas Oil Grado 3;148.1;15/3/2022 21:38;BLANCA;-31.746.889;-60.525.064;2022;3
DAMARRA S.R.L.;Gas Oil Grado 3;72.29;16/10/2020 21:27;BLANCA;-31.746.889;-60.525.064;2020;10
DAMARRA S.R.L.;Gas Oil Grado 3;26.79;18/1/2018 01:05;BLANCA;-31.746.889;-60.525.064;2018;1
DAMARRA S.R.L.;Gas Oil Grado 3;70.49;19/9/2020 21:59;BLANCA;-31.746.889;-60.525.064;2020;9
DAMARRA S.R.L.;Gas Oil Grado 3;28.49;20/3/2018 22:15;BLANCA;-31.746.889;-60.525.064;2018;3
DAMARRA S.R.L.;Gas Oil Grado 3;109.8;25/6/2021 20:22;BLANCA;-31.746.889;-60.525.064;2021;6
DAMARRA S.R.L.;Gas Oil Grado 3;45.99;28/12/2018 21:44;BLANCA;-31.746.889;-60.525.064;2018;12
DAMARRA S.R.L.;Gas Oil Grado 3;52.49;30/4/2019 21:58;BLANCA;-31.746.889;-60.525.064;2019;4
DAMARRA S.R.L.;Gas Oil Grado 3;59.19;31/10/2019 21:59;BLANCA;-31.746.889;-60.525.064;2019;10
DAMARRA S.R.L.;GNC;20.19;1/10/2018 21:54;BLANCA;-31.746.889;-60.525.064;2018;10
DAMARRA S.R.L.;GNC;28.98;2/12/2019 21:36;BLANCA;-31.746.889;-60.525.064;2019;12
DAMARRA S.R.L.;GNC;24.98;3/4/2019 14:53;BLANCA;-31.746.889;-60.525.064;2019;4
DAMARRA S.R.L.;GNC;17.99;3/9/2018 22:04;BLANCA;-31.746.889;-60.525.064;2018;9
DAMARRA S.R.L.;GNC;25.98;5/7/2019 21:38;BLANCA;-31.746.889;-60.525.064;2019;7
DAMARRA S.R.L.;GNC;10.99;6/3/2017 23:38;BLANCA;-31.746.889;-60.525.064;2017;3
DAMARRA S.R.L.;GNC;16.99;6/4/2018 21:53;BLANCA;-31.746.889;-60.525.064;2018;4
DAMARRA S.R.L.;GNC;13.99;6/12/2017 10:35;BLANCA;-31.746.889;-60.525.064;2017;12
DAMARRA S.R.L.;GNC;35.99;11/1/2021 21:43;BLANCA;-31.746.889;-60.525.064;2021;1
DAMARRA S.R.L.;GNC;37.98;12/2/2021 11:21;BLANCA;-31.746.889;-60.525.064;2021;2
DAMARRA S.R.L.;GNC;64.98;15/3/2022 21:37;BLANCA;-31.746.889;-60.525.064;2022;3
DAMARRA S.R.L.;GNC;14.99;16/1/2018 22:14;BLANCA;-31.746.889;-60.525.064;2018;1
DAMARRA S.R.L.;GNC;26.98;16/8/2019 12:36;BLANCA;-31.746.889;-60.525.064;2019;8
DAMARRA S.R.L.;GNC;11.99;18/4/2017 17:28;BLANCA;-31.746.889;-60.525.064;2017;4
DAMARRA S.R.L.;GNC;31.98;19/9/2020 21:59;BLANCA;-31.746.889;-60.525.064;2020;9
DAMARRA S.R.L.;GNC;51.98;25/6/2021 20:20;BLANCA;-31.746.889;-60.525.064;2021;6
DAMARRA S.R.L.;Nafta (premium) de más de 95 Ron;49.89;1/10/2018 21:54;BLANCA;-31.746.889;-60.525.064;2018;10
DAMARRA S.R.L.;Nafta (premium) de más de 95 Ron;67.29;2/12/2019 21:36;BLANCA;-31.746.889;-60.525.064;2019;12
DAMARRA S.R.L.;Nafta (premium) de más de 95 Ron;51.19;3/4/2019 14:54;BLANCA;-31.746.889;-60.525.064;2019;4
DAMARRA S.R.L.;Nafta (premium) de más de 95 Ron;45.99;3/9/2018 22:03;BLANCA;-31.746.889;-60.525.064;2018;9
DAMARRA S.R.L.;Nafta (premium) de más de 95 Ron;25.24;5/7/2017 19:36;BLANCA;-31.746.889;-60.525.064;2017;7
DAMARRA S.R.L.;Nafta (premium) de más de 95 Ron;54.49;5/7/2019 21:38;BLANCA;-31.746.889;-60.525.064;2019;7
DAMARRA S.R.L.;Nafta (premium) de más de 95 Ron;23.59;6/3/2017 23:39;BLANCA;-31.746.889;-60.525.064;2017;3
DAMARRA S.R.L.;Nafta (premium) de más de 95 Ron;32.99;6/4/2018 21:52;BLANCA;-31.746.889;-60.525.064;2018;4
DAMARRA S.R.L.;Nafta (premium) de más de 95 Ron;29.29;6/12/2017 10:37;BLANCA;-31.746.889;-60.525.064;2017;12
DAMARRA S.R.L.;Nafta (premium) de más de 95 Ron;30.05;8/2/2018 21:51;BLANCA;-31.746.889;-60.525.064;2018;2
DAMARRA S.R.L.;Nafta (premium) de más de 95 Ron;84.99;11/1/2021 21:42;BLANCA;-31.746.889;-60.525.064;2021;1
DAMARRA S.R.L.;Nafta (premium) de más de 95 Ron;33.99;11/5/2018 11:41;BLANCA;-31.746.889;-60.525.064;2018;5
DAMARRA S.R.L.;Nafta (premium) de más de 95 Ron;35.99;11/6/2018 21:32;BLANCA;-31.746.889;-60.525.064;2018;6
DAMARRA S.R.L.;Nafta (premium) de más de 95 Ron;90.99;12/2/2021 11:23;BLANCA;-31.746.889;-60.525.064;2021;2
DAMARRA S.R.L.;Nafta (premium) de más de 95 Ron;31.49;14/2/2018 21:42;BLANCA;-31.746.889;-60.525.064;2018;2
DAMARRA S.R.L.;Nafta (premium) de más de 95 Ron;86.59;15/1/2021 21:49;BLANCA;-31.746.889;-60.525.064;2021;1
DAMARRA S.R.L.;Nafta (premium) de más de 95 Ron;151;15/3/2022 21:38;BLANCA;-31.746.889;-60.525.064;2022;3
DAMARRA S.R.L.;Nafta (premium) de más de 95 Ron;73.69;16/10/2020 21:27;BLANCA;-31.746.889;-60.525.064;2020;10
DAMARRA S.R.L.;Nafta (premium) de más de 95 Ron;30.29;18/1/2018 01:05;BLANCA;-31.746.889;-60.525.064;2018;1
DAMARRA S.R.L.;Nafta (premium) de más de 95 Ron;71.99;19/9/2020 22:00;BLANCA;-31.746.889;-60.525.064;2020;9
DAMARRA S.R.L.;Nafta (premium) de más de 95 Ron;31.99;20/3/2018 22:14;BLANCA;-31.746.889;-60.525.064;2018;3
DAMARRA S.R.L.;Nafta (premium) de más de 95 Ron;111.1;25/6/2021 20:25;BLANCA;-31.746.889;-60.525.064;2021;6
DAMARRA S.R.L.;Nafta (premium) de más de 95 Ron;46.99;28/12/2018 21:44;BLANCA;-31.746.889;-60.525.064;2018;12
DAMARRA S.R.L.;Nafta (premium) de más de 95 Ron;52.99;30/4/2019 21:58;BLANCA;-31.746.889;-60.525.064;2019;4
DAMARRA S.R.L.;Nafta (premium) de más de 95 Ron;60.79;31/10/2019 21:58;BLANCA;-31.746.889;-60.525.064;2019;10
DAMARRA S.R.L.;Nafta (súper) entre 92 y 95 Ron;42.99;1/10/2018 21:54;BLANCA;-31.746.889;-60.525.064;2018;10
DAMARRA S.R.L.;Nafta (súper) entre 92 y 95 Ron;59.69;2/12/2019 21:36;BLANCA;-31.746.889;-60.525.064;2019;12
DAMARRA S.R.L.;Nafta (súper) entre 92 y 95 Ron;46.69;3/4/2019 14:55;BLANCA;-31.746.889;-60.525.064;2019;4
DAMARRA S.R.L.;Nafta (súper) entre 92 y 95 Ron;39.09;3/9/2018 22:04;BLANCA;-31.746.889;-60.525.064;2018;9
DAMARRA S.R.L.;Nafta (súper) entre 92 y 95 Ron;22.58;5/7/2017 19:33;BLANCA;-31.746.889;-60.525.064;2017;7
DAMARRA S.R.L.;Nafta (súper) entre 92 y 95 Ron;48.79;5/7/2019 21:37;BLANCA;-31.746.889;-60.525.064;2019;7
DAMARRA S.R.L.;Nafta (súper) entre 92 y 95 Ron;20.65;6/3/2017 23:39;BLANCA;-31.746.889;-60.525.064;2017;3
DAMARRA S.R.L.;Nafta (súper) entre 92 y 95 Ron;28.99;6/4/2018 21:53;BLANCA;-31.746.889;-60.525.064;2018;4
DAMARRA S.R.L.;Nafta (súper) entre 92 y 95 Ron;25.69;6/12/2017 10:36;BLANCA;-31.746.889;-60.525.064;2017;12
DAMARRA S.R.L.;Nafta (súper) entre 92 y 95 Ron;26.05;8/2/2018 21:51;BLANCA;-31.746.889;-60.525.064;2018;2
DAMARRA S.R.L.;Nafta (súper) entre 92 y 95 Ron;73.99;11/1/2021 21:42;BLANCA;-31.746.889;-60.525.064;2021;1
DAMARRA S.R.L.;Nafta (súper) entre 92 y 95 Ron;29.99;11/5/2018 11:41;BLANCA;-31.746.889;-60.525.064;2018;5
DAMARRA S.R.L.;Nafta (súper) entre 92 y 95 Ron;30.99;11/6/2018 21:32;BLANCA;-31.746.889;-60.525.064;2018;6
DAMARRA S.R.L.;Nafta (súper) entre 92 y 95 Ron;79.59;12/2/2021 11:22;BLANCA;-31.746.889;-60.525.064;2021;2
DAMARRA S.R.L.;Nafta (súper) entre 92 y 95 Ron;27.99;14/2/2018 21:43;BLANCA;-31.746.889;-60.525.064;2018;2
DAMARRA S.R.L.;Nafta (súper) entre 92 y 95 Ron;7539;15/1/2021 21:47;BLANCA;-31.746.889;-60.525.064;2021;1
DAMARRA S.R.L.;Nafta (súper) entre 92 y 95 Ron;75.39;15/1/2021 21:49;BLANCA;-31.746.889;-60.525.064;2021;1
DAMARRA S.R.L.;Nafta (súper) entre 92 y 95 Ron;144.10;15/3/2022 21:37;BLANCA;-31.746.889;-60.525.064;2022;3
DAMARRA S.R.L.;Nafta (súper) entre 92 y 95 Ron;65.69;16/10/2020 21:27;BLANCA;-31.746.889;-60.525.064;2020;10
DAMARRA S.R.L.;Nafta (súper) entre 92 y 95 Ron;26.69;18/1/2018 01:04;BLANCA;-31.746.889;-60.525.064;2018;1
DAMARRA S.R.L.;Nafta (súper) entre 92 y 95 Ron;63.79;19/9/2020 22:00;BLANCA;-31.746.889;-60.525.064;2020;9
DAMARRA S.R.L.;Nafta (súper) entre 92 y 95 Ron;21.10;20/3/2017 16:52;BLANCA;-31.746.889;-60.525.064;2017;3
DAMARRA S.R.L.;Nafta (súper) entre 92 y 95 Ron;97.60;25/6/2021 20:23;BLANCA;-31.746.889;-60.525.064;2021;6
DAMARRA S.R.L.;Nafta (súper) entre 92 y 95 Ron;47.79;30/4/2019 21:58;BLANCA;-31.746.889;-60.525.064;2019;4
DAMARRA S.R.L.;Nafta (súper) entre 92 y 95 Ron;54.49;31/10/2019 21:58;BLANCA;-31.746.889;-60.525.064;2019;10
EBERLE, CLAUDIO FRANCISCO;Gas Oil Grado 2;925;1/2/2024 07:00;VOY;-317.637.938.680.717;-604.447.878.418.646;2024;2
EBERLE, CLAUDIO FRANCISCO;Gas Oil Grado 2;1135;1/7/2024 07:00;VOY;-317.637.938.680.717;-604.447.878.418.646;2024;7
EBERLE, CLAUDIO FRANCISCO;Gas Oil Grado 2;1351;1/7/2025 07:00;VOY;-317.637.938.680.717;-604.447.878.418.646;2025;7
EBERLE, CLAUDIO FRANCISCO;Gas Oil Grado 2;1476;1/9/2025 07:00;VOY;-317.637.938.680.717;-604.447.878.418.646;2025;9
EBERLE, CLAUDIO FRANCISCO;Gas Oil Grado 2;1174;1/10/2024 07:00;VOY;-317.637.938.680.717;-604.447.878.418.646;2024;10
EBERLE, CLAUDIO FRANCISCO;Gas Oil Grado 2;1832;2/3/2026 07:00;VOY;-317.637.938.680.717;-604.447.878.418.646;2026;3
EBERLE, CLAUDIO FRANCISCO;Gas Oil Grado 2;1082;2/5/2024 07:00;VOY;-317.637.938.680.717;-604.447.878.418.646;2024;5
EBERLE, CLAUDIO FRANCISCO;Gas Oil Grado 2;1287;2/6/2025 07:00;VOY;-317.637.938.680.717;-604.447.878.418.646;2025;6
EBERLE, CLAUDIO FRANCISCO;Gas Oil Grado 2;282;2/8/2023 09:30;VOY;-317.637.938.680.717;-604.447.878.418.646;2023;8
EBERLE, CLAUDIO FRANCISCO;Gas Oil Grado 2;1188;2/9/2024 07:00;VOY;-317.637.938.680.717;-604.447.878.418.646;2024;9
EBERLE, CLAUDIO FRANCISCO;Gas Oil Grado 2;1534;2/9/2025 07:00;VOY;-317.637.938.680.717;-604.447.878.418.646;2025;9
EBERLE, CLAUDIO FRANCISCO;Gas Oil Grado 2;1199;2/12/2024 07:00;VOY;-317.637.938.680.717;-604.447.878.418.646;2024;12
EBERLE, CLAUDIO FRANCISCO;Gas Oil Grado 2;1778;2/12/2025 07:00;VOY;-317.637.938.680.717;-604.447.878.418.646;2025;12
EBERLE, CLAUDIO FRANCISCO;Gas Oil Grado 2;1245;3/2/2025 07:00;VOY;-317.637.938.680.717;-604.447.878.418.646;2025;2
EBERLE, CLAUDIO FRANCISCO;Gas Oil Grado 2;1847;3/3/2026 07:00;VOY;-317.637.938.680.717;-604.447.878.418.646;2026;3
EBERLE, CLAUDIO FRANCISCO;Gas Oil Grado 2;1042;3/4/2024 07:00;VOY;-317.637.938.680.717;-604.447.878.418.646;2024;4
EBERLE, CLAUDIO FRANCISCO;Gas Oil Grado 2;1106;3/6/2024 07:00;VOY;-317.637.938.680.717;-604.447.878.418.646;2024;6
EBERLE, CLAUDIO FRANCISCO;Gas Oil Grado 2;1168;3/8/2024 07:00;VOY;-317.637.938.680.717;-604.447.878.418.646;2024;8
EBERLE, CLAUDIO FRANCISCO;Gas Oil Grado 2;186.40;3/11/2022 10:15;VOY;-317.637.938.680.717;-604.447.878.418.646;2022;11
EBERLE, CLAUDIO FRANCISCO;Gas Oil Grado 2;1291;4/4/2025 07:00;VOY;-317.637.938.680.717;-604.447.878.418.646;2025;4
EBERLE, CLAUDIO FRANCISCO;Gas Oil Grado 2;2324;4/5/2026 07:30;VOY;-317.637.938.680.717;-604.447.878.418.646;2026;5
EBERLE, CLAUDIO FRANCISCO;Gas Oil Grado 2;173.90;4/10/2022 07:00;VOY;-317.637.938.680.717;-604.447.878.418.646;2022;10
EBERLE, CLAUDIO FRANCISCO;Gas Oil Grado 2;1189;4/11/2024 07:00;VOY;-317.637.938.680.717;-604.447.878.418.646;2024;11
EBERLE, CLAUDIO FRANCISCO;Gas Oil Grado 2;1650;4/11/2025 07:00;VOY;-317.637.938.680.717;-604.447.878.418.646;2025;11
EBERLE, CLAUDIO FRANCISCO;Gas Oil Grado 2;1796;5/1/2026 07:00;VOY;-317.637.938.680.717;-604.447.878.418.646;2026;1
EBERLE, CLAUDIO FRANCISCO;Gas Oil Grado 2;1269;5/3/2025 07:00;VOY;-317.637.938.680.717;-604.447.878.418.646;2025;3
EBERLE, CLAUDIO FRANCISCO;Gas Oil Grado 2;1880;5/3/2026 07:00;VOY;-317.637.938.680.717;-604.447.878.418.646;2026;3
EBERLE, CLAUDIO FRANCISCO;Gas Oil Grado 2;1266;5/5/2025 07:00;VOY;-317.637.938.680.717;-604.447.878.418.646;2025;5
EBERLE, CLAUDIO FRANCISCO;Gas Oil Grado 2;1639;5/11/2025 07:00;VOY;-317.637.938.680.717;-604.447.878.418.646;2025;11
EBERLE, CLAUDIO FRANCISCO;Gas Oil Grado 2;193.20;5/12/2022 07:00;VOY;-317.637.938.680.717;-604.447.878.418.646;2022;12
EBERLE, CLAUDIO FRANCISCO;Gas Oil Grado 2;1920;6/3/2026 07:00;VOY;-317.637.938.680.717;-604.447.878.418.646;2026;3
EBERLE, CLAUDIO FRANCISCO;Gas Oil Grado 2;364.90;6/11/2023 07:00;VOY;-317.637.938.680.717;-604.447.878.418.646;2023;11
EBERLE, CLAUDIO FRANCISCO;Gas Oil Grado 2;995;7/3/2024 07:00;VOY;-317.637.938.680.717;-604.447.878.418.646;2024;3
EBERLE, CLAUDIO FRANCISCO;Gas Oil Grado 2;1455;7/8/2025 07:00;VOY;-317.637.938.680.717;-604.447.878.418.646;2025;8
EBERLE, CLAUDIO FRANCISCO;Gas Oil Grado 2;184.90;7/11/2022 07:00;VOY;-317.637.938.680.717;-604.447.878.418.646;2022;11
EBERLE, CLAUDIO FRANCISCO;Gas Oil Grado 2;323.00;9/10/2023 07:00;VOY;-317.637.938.680.717;-604.447.878.418.646;2023;10
EBERLE, CLAUDIO FRANCISCO;Gas Oil Grado 2;1558;9/10/2025 07:00;VOY;-317.637.938.680.717;-604.447.878.418.646;2025;10
EBERLE, CLAUDIO FRANCISCO;Gas Oil Grado 2;1979;10/3/2026 07:00;VOY;-317.637.938.680.717;-604.447.878.418.646;2026;3
EBERLE, CLAUDIO FRANCISCO;Gas Oil Grado 2;269.90;10/7/2023 07:00;VOY;-317.637.938.680.717;-604.447.878.418.646;2023;7
EBERLE, CLAUDIO FRANCISCO;Gas Oil Grado 2;1998;11/3/2026 07:00;VOY;-317.637.938.680.717;-604.447.878.418.646;2026;3
EBERLE, CLAUDIO FRANCISCO;Gas Oil Grado 2;2019;12/3/2026 07:00;VOY;-317.637.938.680.717;-604.447.878.418.646;2026;3
EBERLE, CLAUDIO FRANCISCO;Gas Oil Grado 2;1654;12/11/2025 07:00;VOY;-317.637.938.680.717;-604.447.878.418.646;2025;11
EBERLE, CLAUDIO FRANCISCO;Gas Oil Grado 2;1636;15/10/2025 07:00;VOY;-317.637.938.680.717;-604.447.878.418.646;2025;10
EBERLE, CLAUDIO FRANCISCO;Gas Oil Grado 2;201.50;16/1/2023 18:49;VOY;-317.637.938.680.717;-604.447.878.418.646;2023;1
EBERLE, CLAUDIO FRANCISCO;Gas Oil Grado 2;212.20;16/2/2023 07:00;VOY;-317.637.938.680.717;-604.447.878.418.646;2023;2
EBERLE, CLAUDIO FRANCISCO;Gas Oil Grado 2;220.90;17/3/2023 07:00;VOY;-317.637.938.680.717;-604.447.878.418.646;2023;3
EBERLE, CLAUDIO FRANCISCO;Gas Oil Grado 2;232.40;17/4/2023 07:00;VOY;-317.637.938.680.717;-604.447.878.418.646;2023;4
EBERLE, CLAUDIO FRANCISCO;Gas Oil Grado 2;243.70;17/5/2023 07:00;VOY;-317.637.938.680.717;-604.447.878.418.646;2023;5
EBERLE, CLAUDIO FRANCISCO;Gas Oil Grado 2;2032;18/3/2026 07:00;VOY;-317.637.938.680.717;-604.447.878.418.646;2026;3
EBERLE, CLAUDIO FRANCISCO;Gas Oil Grado 2;317.10;18/8/2023 09:00;VOY;-317.637.938.680.717;-604.447.878.418.646;2023;8
EBERLE, CLAUDIO FRANCISCO;Gas Oil Grado 2;2071;19/3/2026 07:00;VOY;-317.637.938.680.717;-604.447.878.418.646;2026;3
EBERLE, CLAUDIO FRANCISCO;Gas Oil Grado 2;1704;19/11/2025 07:00;VOY;-317.637.938.680.717;-604.447.878.418.646;2025;11
EBERLE, CLAUDIO FRANCISCO;Gas Oil Grado 2;2105;20/3/2026 07:00;VOY;-317.637.938.680.717;-604.447.878.418.646;2026;3
EBERLE, CLAUDIO FRANCISCO;Gas Oil Grado 2;2145;20/3/2026 08:00;VOY;-317.637.938.680.717;-604.447.878.418.646;2026;3
EBERLE, CLAUDIO FRANCISCO;Gas Oil Grado 2;258.30;21/6/2023 07:00;VOY;-317.637.938.680.717;-604.447.878.418.646;2023;6
EBERLE, CLAUDIO FRANCISCO;Gas Oil Grado 2;1361;21/7/2025 07:00;VOY;-317.637.938.680.717;-604.447.878.418.646;2025;7
EBERLE, CLAUDIO FRANCISCO;Gas Oil Grado 2;331;23/10/2023 11:30;VOY;-317.637.938.680.717;-604.447.878.418.646;2023;10
EBERLE, CLAUDIO FRANCISCO;Gas Oil Grado 2;2191;25/3/2026 07:00;VOY;-317.637.938.680.717;-604.447.878.418.646;2026;3
EBERLE, CLAUDIO FRANCISCO;Gas Oil Grado 2;2221;26/3/2026 11:00;VOY;-317.637.938.680.717;-604.447.878.418.646;2026;3
EBERLE, CLAUDIO FRANCISCO;Gas Oil Grado 2;1745;26/11/2025 07:00;VOY;-317.637.938.680.717;-604.447.878.418.646;2025;11
EBERLE, CLAUDIO FRANCISCO;Gas Oil Grado 2;2258;27/3/2026 11:00;VOY;-317.637.938.680.717;-604.447.878.418.646;2026;3
EBERLE, CLAUDIO FRANCISCO;Gas Oil Grado 2;2278;27/3/2026 15:00;VOY;-317.637.938.680.717;-604.447.878.418.646;2026;3
EBERLE, CLAUDIO FRANCISCO;Gas Oil Grado 2;2295;30/3/2026 07:00;VOY;-317.637.938.680.717;-604.447.878.418.646;2026;3
EBERLE, CLAUDIO FRANCISCO;Gas Oil Grado 2;409;30/11/2023 07:00;VOY;-317.637.938.680.717;-604.447.878.418.646;2023;11
EBERLE, CLAUDIO FRANCISCO;Gas Oil Grado 3;1098;1/2/2024 07:00;VOY;-317.637.938.680.717;-604.447.878.418.646;2024;2
EBERLE, CLAUDIO FRANCISCO;Gas Oil Grado 3;1345;1/7/2024 07:00;VOY;-317.637.938.680.717;-604.447.878.418.646;2024;7
EBERLE, CLAUDIO FRANCISCO;Gas Oil Grado 3;1517;1/7/2025 07:00;VOY;-317.637.938.680.717;-604.447.878.418.646;2025;7
EBERLE, CLAUDIO FRANCISCO;Gas Oil Grado 3;1669;1/9/2025 07:00;VOY;-317.637.938.680.717;-604.447.878.418.646;2025;9
EBERLE, CLAUDIO FRANCISCO;Gas Oil Grado 3;1391;1/10/2024 07:00;VOY;-317.637.938.680.717;-604.447.878.418.646;2024;10
EBERLE, CLAUDIO FRANCISCO;Gas Oil Grado 3;2010;2/3/2026 07:00;VOY;-317.637.938.680.717;-604.447.878.418.646;2026;3
EBERLE, CLAUDIO FRANCISCO;Gas Oil Grado 3;1279;2/5/2024 07:00;VOY;-317.637.938.680.717;-604.447.878.418.646;2024;5
EBERLE, CLAUDIO FRANCISCO;Gas Oil Grado 3;1444;2/6/2025 07:00;VOY;-317.637.938.680.717;-604.447.878.418.646;2025;6
EBERLE, CLAUDIO FRANCISCO;Gas Oil Grado 3;359.80;2/8/2023 09:30;VOY;-317.637.938.680.717;-604.447.878.418.646;2023;8
EBERLE, CLAUDIO FRANCISCO;Gas Oil Grado 3;1405;2/9/2024 07:00;VOY;-317.637.938.680.717;-604.447.878.418.646;2024;9
EBERLE, CLAUDIO FRANCISCO;Gas Oil Grado 3;1703;2/9/2025 07:00;VOY;-317.637.938.680.717;-604.447.878.418.646;2025;9
EBERLE, CLAUDIO FRANCISCO;Gas Oil Grado 3;1436;2/12/2024 07:00;VOY;-317.637.938.680.717;-604.447.878.418.646;2024;12
EBERLE, CLAUDIO FRANCISCO;Gas Oil Grado 3;1943;2/12/2025 07:00;VOY;-317.637.938.680.717;-604.447.878.418.646;2025;12
EBERLE, CLAUDIO FRANCISCO;Gas Oil Grado 3;1490;3/2/2025 07:00;VOY;-317.637.938.680.717;-604.447.878.418.646;2025;2
EBERLE, CLAUDIO FRANCISCO;Gas Oil Grado 3;1236;3/4/2024 07:00;VOY;-317.637.938.680.717;-604.447.878.418.646;2024;4
EBERLE, CLAUDIO FRANCISCO;Gas Oil Grado 3;1311;3/6/2024 07:00;VOY;-317.637.938.680.717;-604.447.878.418.646;2024;6
EBERLE, CLAUDIO FRANCISCO;Gas Oil Grado 3;1384;3/8/2024 07:00;VOY;-317.637.938.680.717;-604.447.878.418.646;2024;8
EBERLE, CLAUDIO FRANCISCO;Gas Oil Grado 3;246.60;3/11/2022 10:15;VOY;-317.637.938.680.717;-604.447.878.418.646;2022;11
EBERLE, CLAUDIO FRANCISCO;Gas Oil Grado 3;1546;4/4/2025 07:00;VOY;-317.637.938.680.717;-604.447.878.418.646;2025;4
EBERLE, CLAUDIO FRANCISCO;Gas Oil Grado 3;2487;4/5/2026 07:30;VOY;-317.637.938.680.717;-604.447.878.418.646;2026;5
EBERLE, CLAUDIO FRANCISCO;Gas Oil Grado 3;225.20;4/10/2022 07:00;VOY;-317.637.938.680.717;-604.447.878.418.646;2022;10
EBERLE, CLAUDIO FRANCISCO;Gas Oil Grado 3;1420;4/11/2024 07:00;VOY;-317.637.938.680.717;-604.447.878.418.646;2024;11
EBERLE, CLAUDIO FRANCISCO;Gas Oil Grado 3;1891;4/11/2025 07:00;VOY;-317.637.938.680.717;-604.447.878.418.646;2025;11
EBERLE, CLAUDIO FRANCISCO;Gas Oil Grado 3;1962;5/1/2026 07:00;VOY;-317.637.938.680.717;-604.447.878.418.646;2026;1
EBERLE, CLAUDIO FRANCISCO;Gas Oil Grado 3;1519;5/3/2025 07:00;VOY;-317.637.938.680.717;-604.447.878.418.646;2025;3
EBERLE, CLAUDIO FRANCISCO;Gas Oil Grado 3;2069;5/3/2026 07:00;VOY;-317.637.938.680.717;-604.447.878.418.646;2026;3
EBERLE, CLAUDIO FRANCISCO;Gas Oil Grado 3;1423;5/5/2025 07:00;VOY;-317.637.938.680.717;-604.447.878.418.646;2025;5
EBERLE, CLAUDIO FRANCISCO;Gas Oil Grado 3;261;5/12/2022 07:00;VOY;-317.637.938.680.717;-604.447.878.418.646;2022;12
EBERLE, CLAUDIO FRANCISCO;Gas Oil Grado 3;2070;6/3/2026 07:00;VOY;-317.637.938.680.717;-604.447.878.418.646;2026;3
EBERLE, CLAUDIO FRANCISCO;Gas Oil Grado 3;2446;6/4/2026 14:00;VOY;-317.637.938.680.717;-604.447.878.418.646;2026;4
EBERLE, CLAUDIO FRANCISCO;Gas Oil Grado 3;467;6/11/2023 07:00;VOY;-317.637.938.680.717;-604.447.878.418.646;2023;11
EBERLE, CLAUDIO FRANCISCO;Gas Oil Grado 3;1181;7/3/2024 07:00;VOY;-317.637.938.680.717;-604.447.878.418.646;2024;3
EBERLE, CLAUDIO FRANCISCO;Gas Oil Grado 3;1654;7/8/2025 07:00;VOY;-317.637.938.680.717;-604.447.878.418.646;2025;8
EBERLE, CLAUDIO FRANCISCO;Gas Oil Grado 3;246.50;7/11/2022 07:00;VOY;-317.637.938.680.717;-604.447.878.418.646;2022;11
EBERLE, CLAUDIO FRANCISCO;Gas Oil Grado 3;2150;9/3/2026 07:00;VOY;-317.637.938.680.717;-604.447.878.418.646;2026;3
EBERLE, CLAUDIO FRANCISCO;Gas Oil Grado 3;1798;9/10/2025 07:00;VOY;-317.637.938.680.717;-604.447.878.418.646;2025;10
EBERLE, CLAUDIO FRANCISCO;Gas Oil Grado 3;344.30;10/7/2023 07:00;VOY;-317.637.938.680.717;-604.447.878.418.646;2023;7
EBERLE, CLAUDIO FRANCISCO;Gas Oil Grado 3;1876;15/10/2025 07:00;VOY;-317.637.938.680.717;-604.447.878.418.646;2025;10
EBERLE, CLAUDIO FRANCISCO;Gas Oil Grado 3;278;16/1/2023 11:00;VOY;-317.637.938.680.717;-604.447.878.418.646;2023;1
EBERLE, CLAUDIO FRANCISCO;Gas Oil Grado 3;291.30;16/2/2023 07:00;VOY;-317.637.938.680.717;-604.447.878.418.646;2023;2
EBERLE, CLAUDIO FRANCISCO;Gas Oil Grado 3;300.50;17/3/2023 07:00;VOY;-317.637.938.680.717;-604.447.878.418.646;2023;3
EBERLE, CLAUDIO FRANCISCO;Gas Oil Grado 3;305.80;17/4/2023 07:00;VOY;-317.637.938.680.717;-604.447.878.418.646;2023;4
EBERLE, CLAUDIO FRANCISCO;Gas Oil Grado 3;319.90;17/5/2023 07:00;VOY;-317.637.938.680.717;-604.447.878.418.646;2023;5
EBERLE, CLAUDIO FRANCISCO;Gas Oil Grado 3;404.80;18/8/2023 09:00;VOY;-317.637.938.680.717;-604.447.878.418.646;2023;8
EBERLE, CLAUDIO FRANCISCO;Gas Oil Grado 3;2188;19/3/2026 07:00;VOY;-317.637.938.680.717;-604.447.878.418.646;2026;3
EBERLE, CLAUDIO FRANCISCO;Gas Oil Grado 3;1928;19/11/2025 07:00;VOY;-317.637.938.680.717;-604.447.878.418.646;2025;11
EBERLE, CLAUDIO FRANCISCO;Gas Oil Grado 3;2255;20/3/2026 08:00;VOY;-317.637.938.680.717;-604.447.878.418.646;2026;3
EBERLE, CLAUDIO FRANCISCO;Gas Oil Grado 3;329.50;21/6/2023 07:00;VOY;-317.637.938.680.717;-604.447.878.418.646;2023;6
EBERLE, CLAUDIO FRANCISCO;Gas Oil Grado 3;1528;21/7/2025 07:00;VOY;-317.637.938.680.717;-604.447.878.418.646;2025;7
EBERLE, CLAUDIO FRANCISCO;Gas Oil Grado 3;417;23/10/2023 11:30;VOY;-317.637.938.680.717;-604.447.878.418.646;2023;10
EBERLE, CLAUDIO FRANCISCO;Gas Oil Grado 3;2339;25/3/2026 07:00;VOY;-317.637.938.680.717;-604.447.878.418.646;2026;3
EBERLE, CLAUDIO FRANCISCO;Gas Oil Grado 3;2340;26/3/2026 11:00;VOY;-317.637.938.680.717;-604.447.878.418.646;2026;3
EBERLE, CLAUDIO FRANCISCO;Gas Oil Grado 3;2359;27/3/2026 11:00;VOY;-317.637.938.680.717;-604.447.878.418.646;2026;3
EBERLE, CLAUDIO FRANCISCO;Gas Oil Grado 3;2388;30/3/2026 07:00;VOY;-317.637.938.680.717;-604.447.878.418.646;2026;3
EBERLE, CLAUDIO FRANCISCO;Gas Oil Grado 3;521;30/11/2023 07:00;VOY;-317.637.938.680.717;-604.447.878.418.646;2023;11
EBERLE, CLAUDIO FRANCISCO;Nafta (premium) de más de 95 Ron;1031;1/2/2024 07:00;VOY;-317.637.938.680.717;-604.447.878.418.646;2024;2
EBERLE, CLAUDIO FRANCISCO;Nafta (premium) de más de 95 Ron;1283;1/7/2024 07:00;VOY;-317.637.938.680.717;-604.447.878.418.646;2024;7
EBERLE, CLAUDIO FRANCISCO;Nafta (premium) de más de 95 Ron;1511;1/7/2025 07:00;VOY;-317.637.938.680.717;-604.447.878.418.646;2025;7
EBERLE, CLAUDIO FRANCISCO;Nafta (premium) de más de 95 Ron;1663;1/9/2025 07:00;VOY;-317.637.938.680.717;-604.447.878.418.646;2025;9
EBERLE, CLAUDIO FRANCISCO;Nafta (premium) de más de 95 Ron;1362;1/10/2024 07:00;VOY;-317.637.938.680.717;-604.447.878.418.646;2024;10
EBERLE, CLAUDIO FRANCISCO;Nafta (premium) de más de 95 Ron;1937;2/3/2026 07:00;VOY;-317.637.938.680.717;-604.447.878.418.646;2026;3
EBERLE, CLAUDIO FRANCISCO;Nafta (premium) de más de 95 Ron;1199;2/5/2024 07:00;VOY;-317.637.938.680.717;-604.447.878.418.646;2024;5
EBERLE, CLAUDIO FRANCISCO;Nafta (premium) de más de 95 Ron;1439;2/6/2025 07:00;VOY;-317.637.938.680.717;-604.447.878.418.646;2025;6
EBERLE, CLAUDIO FRANCISCO;Nafta (premium) de más de 95 Ron;321.20;2/8/2023 09:30;VOY;-317.637.938.680.717;-604.447.878.418.646;2023;8
EBERLE, CLAUDIO FRANCISCO;Nafta (premium) de más de 95 Ron;1363;2/9/2024 07:00;VOY;-317.637.938.680.717;-604.447.878.418.646;2024;9
EBERLE, CLAUDIO FRANCISCO;Nafta (premium) de más de 95 Ron;1708;2/9/2025 07:00;VOY;-317.637.938.680.717;-604.447.878.418.646;2025;9
EBERLE, CLAUDIO FRANCISCO;Nafta (premium) de más de 95 Ron;1405;2/12/2024 07:00;VOY;-317.637.938.680.717;-604.447.878.418.646;2024;12
EBERLE, CLAUDIO FRANCISCO;Nafta (premium) de más de 95 Ron;1933;2/12/2025 07:00;VOY;-317.637.938.680.717;-604.447.878.418.646;2025;12
EBERLE, CLAUDIO FRANCISCO;Nafta (premium) de más de 95 Ron;1458;3/2/2025 07:00;VOY;-317.637.938.680.717;-604.447.878.418.646;2025;2
EBERLE, CLAUDIO FRANCISCO;Nafta (premium) de más de 95 Ron;1955;3/3/2026 07:00;VOY;-317.637.938.680.717;-604.447.878.418.646;2026;3
EBERLE, CLAUDIO FRANCISCO;Nafta (premium) de más de 95 Ron;1161;3/4/2024 07:00;VOY;-317.637.938.680.717;-604.447.878.418.646;2024;4
EBERLE, CLAUDIO FRANCISCO;Nafta (premium) de más de 95 Ron;1250;3/6/2024 07:00;VOY;-317.637.938.680.717;-604.447.878.418.646;2024;6
EBERLE, CLAUDIO FRANCISCO;Nafta (premium) de más de 95 Ron;1319;3/8/2024 07:00;VOY;-317.637.938.680.717;-604.447.878.418.646;2024;8
EBERLE, CLAUDIO FRANCISCO;Nafta (premium) de más de 95 Ron;197.60;3/11/2022 10:15;VOY;-317.637.938.680.717;-604.447.878.418.646;2022;11
EBERLE, CLAUDIO FRANCISCO;Nafta (premium) de más de 95 Ron;1871;3/11/2025 07:00;VOY;-317.637.938.680.717;-604.447.878.418.646;2025;11
EBERLE, CLAUDIO FRANCISCO;Nafta (premium) de más de 95 Ron;1511;4/4/2025 07:00;VOY;-317.637.938.680.717;-604.447.878.418.646;2025;4
EBERLE, CLAUDIO FRANCISCO;Nafta (premium) de más de 95 Ron;183.80;4/10/2022 07:00;VOY;-317.637.938.680.717;-604.447.878.418.646;2022;10
EBERLE, CLAUDIO FRANCISCO;Nafta (premium) de más de 95 Ron;1389;4/11/2024 07:00;VOY;-317.637.938.680.717;-604.447.878.418.646;2024;11
EBERLE, CLAUDIO FRANCISCO;Nafta (premium) de más de 95 Ron;1896;4/11/2025 07:00;VOY;-317.637.938.680.717;-604.447.878.418.646;2025;11
EBERLE, CLAUDIO FRANCISCO;Nafta (premium) de más de 95 Ron;1952;5/1/2026 07:00;VOY;-317.637.938.680.717;-604.447.878.418.646;2026;1
EBERLE, CLAUDIO FRANCISCO;Nafta (premium) de más de 95 Ron;1486;5/3/2025 07:00;VOY;-317.637.938.680.717;-604.447.878.418.646;2025;3
EBERLE, CLAUDIO FRANCISCO;Nafta (premium) de más de 95 Ron;1999;5/3/2026 07:00;VOY;-317.637.938.680.717;-604.447.878.418.646;2026;3
EBERLE, CLAUDIO FRANCISCO;Nafta (premium) de más de 95 Ron;1421;5/5/2025 07:00;VOY;-317.637.938.680.717;-604.447.878.418.646;2025;5
EBERLE, CLAUDIO FRANCISCO;Nafta (premium) de más de 95 Ron;209.20;5/12/2022 07:00;VOY;-317.637.938.680.717;-604.447.878.418.646;2022;12
EBERLE, CLAUDIO FRANCISCO;Nafta (premium) de más de 95 Ron;2345;6/4/2026 14:00;VOY;-317.637.938.680.717;-604.447.878.418.646;2026;4
EBERLE, CLAUDIO FRANCISCO;Nafta (premium) de más de 95 Ron;417;6/11/2023 07:00;VOY;-317.637.938.680.717;-604.447.878.418.646;2023;11
EBERLE, CLAUDIO FRANCISCO;Nafta (premium) de más de 95 Ron;1109;7/3/2024 07:00;VOY;-317.637.938.680.717;-604.447.878.418.646;2024;3
EBERLE, CLAUDIO FRANCISCO;Nafta (premium) de más de 95 Ron;2057;7/3/2026 00:00;VOY;-317.637.938.680.717;-604.447.878.418.646;2026;3
EBERLE, CLAUDIO FRANCISCO;Nafta (premium) de más de 95 Ron;1653;7/8/2025 07:00;VOY;-317.637.938.680.717;-604.447.878.418.646;2025;8
EBERLE, CLAUDIO FRANCISCO;Nafta (premium) de más de 95 Ron;197.50;7/11/2022 07:00;VOY;-317.637.938.680.717;-604.447.878.418.646;2022;11
EBERLE, CLAUDIO FRANCISCO;Nafta (premium) de más de 95 Ron;1894;9/10/2025 07:00;VOY;-317.637.938.680.717;-604.447.878.418.646;2025;10
EBERLE, CLAUDIO FRANCISCO;Nafta (premium) de más de 95 Ron;307.40;10/7/2023 07:00;VOY;-317.637.938.680.717;-604.447.878.418.646;2023;7
EBERLE, CLAUDIO FRANCISCO;Nafta (premium) de más de 95 Ron;1880;15/10/2025 07:00;VOY;-317.637.938.680.717;-604.447.878.418.646;2025;10
EBERLE, CLAUDIO FRANCISCO;Nafta (premium) de más de 95 Ron;222.50;16/1/2023 18:49;VOY;-317.637.938.680.717;-604.447.878.418.646;2023;1
EBERLE, CLAUDIO FRANCISCO;Nafta (premium) de más de 95 Ron;234.30;16/2/2023 07:00;VOY;-317.637.938.680.717;-604.447.878.418.646;2023;2
EBERLE, CLAUDIO FRANCISCO;Nafta (premium) de más de 95 Ron;246.30;17/3/2023 07:00;VOY;-317.637.938.680.717;-604.447.878.418.646;2023;3
EBERLE, CLAUDIO FRANCISCO;Nafta (premium) de más de 95 Ron;260.40;17/4/2023 07:00;VOY;-317.637.938.680.717;-604.447.878.418.646;2023;4
EBERLE, CLAUDIO FRANCISCO;Nafta (premium) de más de 95 Ron;272.40;17/5/2023 07:00;VOY;-317.637.938.680.717;-604.447.878.418.646;2023;5
EBERLE, CLAUDIO FRANCISCO;Nafta (premium) de más de 95 Ron;361.40;18/8/2023 09:00;VOY;-317.637.938.680.717;-604.447.878.418.646;2023;8
EBERLE, CLAUDIO FRANCISCO;Nafta (premium) de más de 95 Ron;2098;19/3/2026 07:00;VOY;-317.637.938.680.717;-604.447.878.418.646;2026;3
EBERLE, CLAUDIO FRANCISCO;Nafta (premium) de más de 95 Ron;1914;19/11/2025 07:00;VOY;-317.637.938.680.717;-604.447.878.418.646;2025;11
EBERLE, CLAUDIO FRANCISCO;Nafta (premium) de más de 95 Ron;2105;20/3/2026 08:00;VOY;-317.637.938.680.717;-604.447.878.418.646;2026;3
EBERLE, CLAUDIO FRANCISCO;Nafta (premium) de más de 95 Ron;294.20;21/6/2023 07:00;VOY;-317.637.938.680.717;-604.447.878.418.646;2023;6
EBERLE, CLAUDIO FRANCISCO;Nafta (premium) de más de 95 Ron;1522;21/7/2025 07:00;VOY;-317.637.938.680.717;-604.447.878.418.646;2025;7
EBERLE, CLAUDIO FRANCISCO;Nafta (premium) de más de 95 Ron;372;23/10/2023 11:30;VOY;-317.637.938.680.717;-604.447.878.418.646;2023;10
EBERLE, CLAUDIO FRANCISCO;Nafta (premium) de más de 95 Ron;2154;25/3/2026 07:00;VOY;-317.637.938.680.717;-604.447.878.418.646;2026;3
EBERLE, CLAUDIO FRANCISCO;Nafta (premium) de más de 95 Ron;2177;26/3/2026 07:00;VOY;-317.637.938.680.717;-604.447.878.418.646;2026;3
EBERLE, CLAUDIO FRANCISCO;Nafta (premium) de más de 95 Ron;2230;26/3/2026 11:00;VOY;-317.637.938.680.717;-604.447.878.418.646;2026;3
EBERLE, CLAUDIO FRANCISCO;Nafta (premium) de más de 95 Ron;2247;27/3/2026 11:00;VOY;-317.637.938.680.717;-604.447.878.418.646;2026;3
EBERLE, CLAUDIO FRANCISCO;Nafta (premium) de más de 95 Ron;2280;30/3/2026 07:00;VOY;-317.637.938.680.717;-604.447.878.418.646;2026;3
EBERLE, CLAUDIO FRANCISCO;Nafta (premium) de más de 95 Ron;471;30/11/2023 07:00;VOY;-317.637.938.680.717;-604.447.878.418.646;2023;11
EBERLE, CLAUDIO FRANCISCO;Nafta (súper) entre 92 y 95 Ron;858;1/2/2024 07:00;VOY;-317.637.938.680.717;-604.447.878.418.646;2024;2
EBERLE, CLAUDIO FRANCISCO;Nafta (súper) entre 92 y 95 Ron;1068;1/7/2024 07:00;VOY;-317.637.938.680.717;-604.447.878.418.646;2024;7
EBERLE, CLAUDIO FRANCISCO;Nafta (súper) entre 92 y 95 Ron;1316;1/7/2025 07:00;VOY;-317.637.938.680.717;-604.447.878.418.646;2025;7
EBERLE, CLAUDIO FRANCISCO;Nafta (súper) entre 92 y 95 Ron;1423;1/9/2025 07:00;VOY;-317.637.938.680.717;-604.447.878.418.646;2025;9
EBERLE, CLAUDIO FRANCISCO;Nafta (súper) entre 92 y 95 Ron;1135;1/10/2024 07:00;VOY;-317.637.938.680.717;-604.447.878.418.646;2024;10
EBERLE, CLAUDIO FRANCISCO;Nafta (súper) entre 92 y 95 Ron;1729;2/3/2026 07:00;VOY;-317.637.938.680.717;-604.447.878.418.646;2026;3
EBERLE, CLAUDIO FRANCISCO;Nafta (súper) entre 92 y 95 Ron;1005;2/5/2024 07:00;VOY;-317.637.938.680.717;-604.447.878.418.646;2024;5
EBERLE, CLAUDIO FRANCISCO;Nafta (súper) entre 92 y 95 Ron;1253;2/6/2025 07:00;VOY;-317.637.938.680.717;-604.447.878.418.646;2025;6
EBERLE, CLAUDIO FRANCISCO;Nafta (súper) entre 92 y 95 Ron;254.90;2/8/2023 09:30;VOY;-317.637.938.680.717;-604.447.878.418.646;2023;8
EBERLE, CLAUDIO FRANCISCO;Nafta (súper) entre 92 y 95 Ron;1137;2/9/2024 07:00;VOY;-317.637.938.680.717;-604.447.878.418.646;2024;9
EBERLE, CLAUDIO FRANCISCO;Nafta (súper) entre 92 y 95 Ron;1434;2/9/2025 07:00;VOY;-317.637.938.680.717;-604.447.878.418.646;2025;9
EBERLE, CLAUDIO FRANCISCO;Nafta (súper) entre 92 y 95 Ron;1172;2/12/2024 07:00;VOY;-317.637.938.680.717;-604.447.878.418.646;2024;12
EBERLE, CLAUDIO FRANCISCO;Nafta (súper) entre 92 y 95 Ron;1684;2/12/2025 07:00;VOY;-317.637.938.680.717;-604.447.878.418.646;2025;12
EBERLE, CLAUDIO FRANCISCO;Nafta (súper) entre 92 y 95 Ron;1216;3/2/2025 07:00;VOY;-317.637.938.680.717;-604.447.878.418.646;2025;2
EBERLE, CLAUDIO FRANCISCO;Nafta (súper) entre 92 y 95 Ron;1749;3/3/2026 07:00;VOY;-317.637.938.680.717;-604.447.878.418.646;2026;3
EBERLE, CLAUDIO FRANCISCO;Nafta (súper) entre 92 y 95 Ron;966;3/4/2024 07:00;VOY;-317.637.938.680.717;-604.447.878.418.646;2024;4
EBERLE, CLAUDIO FRANCISCO;Nafta (súper) entre 92 y 95 Ron;1044;3/6/2024 07:00;VOY;-317.637.938.680.717;-604.447.878.418.646;2024;6
EBERLE, CLAUDIO FRANCISCO;Nafta (súper) entre 92 y 95 Ron;1095;3/8/2024 07:00;VOY;-317.637.938.680.717;-604.447.878.418.646;2024;8
EBERLE, CLAUDIO FRANCISCO;Nafta (súper) entre 92 y 95 Ron;163.40;3/11/2022 10:15;VOY;-317.637.938.680.717;-604.447.878.418.646;2022;11
EBERLE, CLAUDIO FRANCISCO;Nafta (súper) entre 92 y 95 Ron;1552;3/11/2025 07:00;VOY;-317.637.938.680.717;-604.447.878.418.646;2025;11
EBERLE, CLAUDIO FRANCISCO;Nafta (súper) entre 92 y 95 Ron;1261;4/4/2025 07:00;VOY;-317.637.938.680.717;-604.447.878.418.646;2025;4
EBERLE, CLAUDIO FRANCISCO;Nafta (súper) entre 92 y 95 Ron;152.40;4/10/2022 07:00;VOY;-317.637.938.680.717;-604.447.878.418.646;2022;10
EBERLE, CLAUDIO FRANCISCO;Nafta (súper) entre 92 y 95 Ron;1158;4/11/2024 07:00;VOY;-317.637.938.680.717;-604.447.878.418.646;2024;11
EBERLE, CLAUDIO FRANCISCO;Nafta (súper) entre 92 y 95 Ron;1580;4/11/2025 07:00;VOY;-317.637.938.680.717;-604.447.878.418.646;2025;11
EBERLE, CLAUDIO FRANCISCO;Nafta (súper) entre 92 y 95 Ron;1746;5/1/2026 07:00;VOY;-317.637.938.680.717;-604.447.878.418.646;2026;1
EBERLE, CLAUDIO FRANCISCO;Nafta (súper) entre 92 y 95 Ron;1239;5/3/2025 07:00;VOY;-317.637.938.680.717;-604.447.878.418.646;2025;3
EBERLE, CLAUDIO FRANCISCO;Nafta (súper) entre 92 y 95 Ron;1779;5/3/2026 07:00;VOY;-317.637.938.680.717;-604.447.878.418.646;2026;3
EBERLE, CLAUDIO FRANCISCO;Nafta (súper) entre 92 y 95 Ron;1236;5/5/2025 07:00;VOY;-317.637.938.680.717;-604.447.878.418.646;2025;5
EBERLE, CLAUDIO FRANCISCO;Nafta (súper) entre 92 y 95 Ron;170.70;5/12/2022 07:00;VOY;-317.637.938.680.717;-604.447.878.418.646;2022;12
EBERLE, CLAUDIO FRANCISCO;Nafta (súper) entre 92 y 95 Ron;2116;6/4/2026 14:00;VOY;-317.637.938.680.717;-604.447.878.418.646;2026;4
EBERLE, CLAUDIO FRANCISCO;Nafta (súper) entre 92 y 95 Ron;329;6/11/2023 07:00;VOY;-317.637.938.680.717;-604.447.878.418.646;2023;11
EBERLE, CLAUDIO FRANCISCO;Nafta (súper) entre 92 y 95 Ron;923;7/3/2024 07:00;VOY;-317.637.938.680.717;-604.447.878.418.646;2024;3
EBERLE, CLAUDIO FRANCISCO;Nafta (súper) entre 92 y 95 Ron;1410;7/8/2025 07:00;VOY;-317.637.938.680.717;-604.447.878.418.646;2025;8
EBERLE, CLAUDIO FRANCISCO;Nafta (súper) entre 92 y 95 Ron;291.00;9/10/2023 07:00;VOY;-317.637.938.680.717;-604.447.878.418.646;2023;10
EBERLE, CLAUDIO FRANCISCO;Nafta (súper) entre 92 y 95 Ron;1525;9/10/2025 07:00;VOY;-317.637.938.680.717;-604.447.878.418.646;2025;10
EBERLE, CLAUDIO FRANCISCO;Nafta (súper) entre 92 y 95 Ron;1729;9/12/2025 07:00;VOY;-317.637.938.680.717;-604.447.878.418.646;2025;12
EBERLE, CLAUDIO FRANCISCO;Nafta (súper) entre 92 y 95 Ron;1814;10/3/2026 07:00;VOY;-317.637.938.680.717;-604.447.878.418.646;2026;3
EBERLE, CLAUDIO FRANCISCO;Nafta (súper) entre 92 y 95 Ron;244;10/7/2023 07:00;VOY;-317.637.938.680.717;-604.447.878.418.646;2023;7
EBERLE, CLAUDIO FRANCISCO;Nafta (súper) entre 92 y 95 Ron;1829;11/3/2026 07:00;VOY;-317.637.938.680.717;-604.447.878.418.646;2026;3
EBERLE, CLAUDIO FRANCISCO;Nafta (súper) entre 92 y 95 Ron;1599;11/11/2025 07:00;VOY;-317.637.938.680.717;-604.447.878.418.646;2025;11
EBERLE, CLAUDIO FRANCISCO;Nafta (súper) entre 92 y 95 Ron;1839;12/3/2026 07:00;VOY;-317.637.938.680.717;-604.447.878.418.646;2026;3
EBERLE, CLAUDIO FRANCISCO;Nafta (súper) entre 92 y 95 Ron;2141;15/5/2026 14:00;VOY;-317.637.938.680.717;-604.447.878.418.646;2026;5
EBERLE, CLAUDIO FRANCISCO;Nafta (súper) entre 92 y 95 Ron;1544;15/10/2025 07:00;VOY;-317.637.938.680.717;-604.447.878.418.646;2025;10
EBERLE, CLAUDIO FRANCISCO;Nafta (súper) entre 92 y 95 Ron;178.30;16/1/2023 18:47;VOY;-317.637.938.680.717;-604.447.878.418.646;2023;1
EBERLE, CLAUDIO FRANCISCO;Nafta (súper) entre 92 y 95 Ron;187.00;16/2/2023 07:00;VOY;-317.637.938.680.717;-604.447.878.418.646;2023;2
EBERLE, CLAUDIO FRANCISCO;Nafta (súper) entre 92 y 95 Ron;1854;16/3/2026 07:00;VOY;-317.637.938.680.717;-604.447.878.418.646;2026;3
EBERLE, CLAUDIO FRANCISCO;Nafta (súper) entre 92 y 95 Ron;1869;16/3/2026 08:00;VOY;-317.637.938.680.717;-604.447.878.418.646;2026;3
EBERLE, CLAUDIO FRANCISCO;Nafta (súper) entre 92 y 95 Ron;197.30;17/3/2023 07:00;VOY;-317.637.938.680.717;-604.447.878.418.646;2023;3
EBERLE, CLAUDIO FRANCISCO;Nafta (súper) entre 92 y 95 Ron;210.40;17/4/2023 07:00;VOY;-317.637.938.680.717;-604.447.878.418.646;2023;4
EBERLE, CLAUDIO FRANCISCO;Nafta (súper) entre 92 y 95 Ron;220.30;17/5/2023 07:00;VOY;-317.637.938.680.717;-604.447.878.418.646;2023;5
EBERLE, CLAUDIO FRANCISCO;Nafta (súper) entre 92 y 95 Ron;1889;18/3/2026 07:00;VOY;-317.637.938.680.717;-604.447.878.418.646;2026;3
EBERLE, CLAUDIO FRANCISCO;Nafta (súper) entre 92 y 95 Ron;286.60;18/8/2023 09:00;VOY;-317.637.938.680.717;-604.447.878.418.646;2023;8
EBERLE, CLAUDIO FRANCISCO;Nafta (súper) entre 92 y 95 Ron;1912;19/3/2026 07:00;VOY;-317.637.938.680.717;-604.447.878.418.646;2026;3
EBERLE, CLAUDIO FRANCISCO;Nafta (súper) entre 92 y 95 Ron;1645;19/11/2025 07:00;VOY;-317.637.938.680.717;-604.447.878.418.646;2025;11
EBERLE, CLAUDIO FRANCISCO;Nafta (súper) entre 92 y 95 Ron;1918;20/3/2026 07:00;VOY;-317.637.938.680.717;-604.447.878.418.646;2026;3
EBERLE, CLAUDIO FRANCISCO;Nafta (súper) entre 92 y 95 Ron;1939;20/3/2026 08:00;VOY;-317.637.938.680.717;-604.447.878.418.646;2026;3
EBERLE, CLAUDIO FRANCISCO;Nafta (súper) entre 92 y 95 Ron;233.50;21/6/2023 07:00;VOY;-317.637.938.680.717;-604.447.878.418.646;2023;6
EBERLE, CLAUDIO FRANCISCO;Nafta (súper) entre 92 y 95 Ron;1326;21/7/2025 07:00;VOY;-317.637.938.680.717;-604.447.878.418.646;2025;7
EBERLE, CLAUDIO FRANCISCO;Nafta (súper) entre 92 y 95 Ron;299;23/10/2023 11:30;VOY;-317.637.938.680.717;-604.447.878.418.646;2023;10
EBERLE, CLAUDIO FRANCISCO;Nafta (súper) entre 92 y 95 Ron;2017;25/3/2026 07:00;VOY;-317.637.938.680.717;-604.447.878.418.646;2026;3
EBERLE, CLAUDIO FRANCISCO;Nafta (súper) entre 92 y 95 Ron;2035;26/3/2026 07:00;VOY;-317.637.938.680.717;-604.447.878.418.646;2026;3
EBERLE, CLAUDIO FRANCISCO;Nafta (súper) entre 92 y 95 Ron;2061;26/3/2026 11:00;VOY;-317.637.938.680.717;-604.447.878.418.646;2026;3
EBERLE, CLAUDIO FRANCISCO;Nafta (súper) entre 92 y 95 Ron;1675;26/11/2025 07:00;VOY;-317.637.938.680.717;-604.447.878.418.646;2025;11
EBERLE, CLAUDIO FRANCISCO;Nafta (súper) entre 92 y 95 Ron;2068;27/3/2026 11:00;VOY;-317.637.938.680.717;-604.447.878.418.646;2026;3
EBERLE, CLAUDIO FRANCISCO;Nafta (súper) entre 92 y 95 Ron;2083;27/3/2026 15:00;VOY;-317.637.938.680.717;-604.447.878.418.646;2026;3
EBERLE, CLAUDIO FRANCISCO;Nafta (súper) entre 92 y 95 Ron;2098;30/3/2026 07:00;VOY;-317.637.938.680.717;-604.447.878.418.646;2026;3
EBERLE, CLAUDIO FRANCISCO;Nafta (súper) entre 92 y 95 Ron;376;30/11/2023 07:00;VOY;-317.637.938.680.717;-604.447.878.418.646;2023;11
EDUARDO MATEOS SRL;Gas Oil Grado 2;1295;1/1/2025 00:00;SHELL C.A.P.S.A.;-31.732.873;-60.456.294;2025;1
EDUARDO MATEOS SRL;Gas Oil Grado 2;953.00;1/2/2024 07:00;SHELL C.A.P.S.A.;-31.732.873;-60.456.294;2024;2
EDUARDO MATEOS SRL;Gas Oil Grado 2;1341;1/2/2025 08:00;SHELL C.A.P.S.A.;-31.732.873;-60.456.294;2025;2
EDUARDO MATEOS SRL;Gas Oil Grado 2;39.98;1/3/2019 01:00;SHELL C.A.P.S.A.;-31.732.873;-60.456.294;2019;3
EDUARDO MATEOS SRL;Gas Oil Grado 2;1367;1/3/2025 06:00;SHELL C.A.P.S.A.;-31.732.873;-60.456.294;2025;3
EDUARDO MATEOS SRL;Gas Oil Grado 2;42.64;1/4/2019 19:00;SHELL C.A.P.S.A.;-31.732.873;-60.456.294;2019;4
EDUARDO MATEOS SRL;Gas Oil Grado 2;1063;1/4/2024 08:00;SHELL C.A.P.S.A.;-31.732.873;-60.456.294;2024;4
EDUARDO MATEOS SRL;Gas Oil Grado 2;1387;1/4/2025 08:00;SHELL C.A.P.S.A.;-31.732.873;-60.456.294;2025;4
EDUARDO MATEOS SRL;Gas Oil Grado 2;1106;1/5/2024 08:00;SHELL C.A.P.S.A.;-31.732.873;-60.456.294;2024;5
EDUARDO MATEOS SRL;Gas Oil Grado 2;44.52;1/6/2019 08:00;SHELL C.A.P.S.A.;-31.732.873;-60.456.294;2019;6
EDUARDO MATEOS SRL;Gas Oil Grado 2;1140.00;1/6/2024 08:30;SHELL C.A.P.S.A.;-31.732.873;-60.456.294;2024;6
EDUARDO MATEOS SRL;Gas Oil Grado 2;45.30;1/7/2019 18:00;SHELL C.A.P.S.A.;-31.732.873;-60.456.294;2019;7
EDUARDO MATEOS SRL;Gas Oil Grado 2;1174.00;1/7/2024 06:00;SHELL C.A.P.S.A.;-31.732.873;-60.456.294;2024;7
EDUARDO MATEOS SRL;Gas Oil Grado 2;306.40;1/8/2023 00:00;SHELL C.A.P.S.A.;-31.732.873;-60.456.294;2023;8
EDUARDO MATEOS SRL;Gas Oil Grado 2;1208.00;1/8/2024 08:00;SHELL C.A.P.S.A.;-31.732.873;-60.456.294;2024;8
EDUARDO MATEOS SRL;Gas Oil Grado 2;34.70;1/9/2018 00:00;SHELL C.A.P.S.A.;-31.732.873;-60.456.294;2018;9
EDUARDO MATEOS SRL;Gas Oil Grado 2;1233;1/9/2024 04:00;SHELL C.A.P.S.A.;-31.732.873;-60.456.294;2024;9
EDUARDO MATEOS SRL;Gas Oil Grado 2;36.54;1/10/2018 04:00;SHELL C.A.P.S.A.;-31.732.873;-60.456.294;2018;10
EDUARDO MATEOS SRL;Gas Oil Grado 2;182.20;1/10/2022 12:00;SHELL C.A.P.S.A.;-31.732.873;-60.456.294;2022;10
EDUARDO MATEOS SRL;Gas Oil Grado 2;50.49;1/11/2019 06:00;SHELL C.A.P.S.A.;-31.732.873;-60.456.294;2019;11
EDUARDO MATEOS SRL;Gas Oil Grado 2;394.00;1/11/2023 00:00;SHELL C.A.P.S.A.;-31.732.873;-60.456.294;2023;11
EDUARDO MATEOS SRL;Gas Oil Grado 2;1251;1/11/2024 09:00;SHELL C.A.P.S.A.;-31.732.873;-60.456.294;2024;11
EDUARDO MATEOS SRL;Gas Oil Grado 2;206.60;1/12/2022 08:00;SHELL C.A.P.S.A.;-31.732.873;-60.456.294;2022;12
EDUARDO MATEOS SRL;Gas Oil Grado 2;76.57;2/2/2021 10:00;SHELL C.A.P.S.A.;-31.732.873;-60.456.294;2021;2
EDUARDO MATEOS SRL;Gas Oil Grado 2;100.70;2/2/2022 10:00;SHELL C.A.P.S.A.;-31.732.873;-60.456.294;2022;2
EDUARDO MATEOS SRL;Gas Oil Grado 2;1019;2/3/2024 08:00;SHELL C.A.P.S.A.;-31.732.873;-60.456.294;2024;3
EDUARDO MATEOS SRL;Gas Oil Grado 2;1366;2/5/2025 10:00;SHELL C.A.P.S.A.;-31.732.873;-60.456.294;2025;5
EDUARDO MATEOS SRL;Gas Oil Grado 2;25.27;2/6/2018 16:00;SHELL C.A.P.S.A.;-31.732.873;-60.456.294;2018;6
EDUARDO MATEOS SRL;Gas Oil Grado 2;1342;2/6/2025 00:00;SHELL C.A.P.S.A.;-31.732.873;-60.456.294;2025;6
EDUARDO MATEOS SRL;Gas Oil Grado 2;17.73;2/7/2017 08:00;SHELL C.A.P.S.A.;-31.732.873;-60.456.294;2017;7
EDUARDO MATEOS SRL;Gas Oil Grado 2;1217;2/10/2024 06:00;SHELL C.A.P.S.A.;-31.732.873;-60.456.294;2024;10
EDUARDO MATEOS SRL;Gas Oil Grado 2;38.74;2/11/2018 15:00;SHELL C.A.P.S.A.;-31.732.873;-60.456.294;2018;11
EDUARDO MATEOS SRL;Gas Oil Grado 2;22.11;2/12/2017 14:20;SHELL C.A.P.S.A.;-31.732.873;-60.456.294;2017;12
EDUARDO MATEOS SRL;Gas Oil Grado 2;56.37;2/12/2019 06:00;SHELL C.A.P.S.A.;-31.732.873;-60.456.294;2019;12
EDUARDO MATEOS SRL;Gas Oil Grado 2;1285;2/12/2024 00:30;SHELL C.A.P.S.A.;-31.732.873;-60.456.294;2024;12
EDUARDO MATEOS SRL;Gas Oil Grado 2;899.00;3/1/2024 00:00;SHELL C.A.P.S.A.;-31.732.873;-60.456.294;2024;1
EDUARDO MATEOS SRL;Gas Oil Grado 2;1310;3/1/2025 10:00;SHELL C.A.P.S.A.;-31.732.873;-60.456.294;2025;1
EDUARDO MATEOS SRL;Gas Oil Grado 2;38.89;3/2/2019 12:00;SHELL C.A.P.S.A.;-31.732.873;-60.456.294;2019;2
EDUARDO MATEOS SRL;Gas Oil Grado 2;28.08;3/7/2018 01:00;SHELL C.A.P.S.A.;-31.732.873;-60.456.294;2018;7
EDUARDO MATEOS SRL;Gas Oil Grado 2;198.60;3/11/2022 11:00;SHELL C.A.P.S.A.;-31.732.873;-60.456.294;2022;11
EDUARDO MATEOS SRL;Gas Oil Grado 2;38.17;4/12/2018 17:00;SHELL C.A.P.S.A.;-31.732.873;-60.456.294;2018;12
EDUARDO MATEOS SRL;Gas Oil Grado 2;69.13;5/1/2021 10:00;SHELL C.A.P.S.A.;-31.732.873;-60.456.294;2021;1
EDUARDO MATEOS SRL;Gas Oil Grado 2;56.38;5/3/2020 08:00;SHELL C.A.P.S.A.;-31.732.873;-60.456.294;2020;3
EDUARDO MATEOS SRL;Gas Oil Grado 2;18.06;5/4/2017 11:00;SHELL C.A.P.S.A.;-31.732.873;-60.456.294;2017;4
EDUARDO MATEOS SRL;Gas Oil Grado 2;18.07;5/4/2017 20:12;SHELL C.A.P.S.A.;-31.732.873;-60.456.294;2017;4
EDUARDO MATEOS SRL;Gas Oil Grado 2;207.60;5/12/2022 17:15;SHELL C.A.P.S.A.;-31.732.873;-60.456.294;2022;12
EDUARDO MATEOS SRL;Gas Oil Grado 2;955.00;6/2/2024 00:00;SHELL C.A.P.S.A.;-31.732.873;-60.456.294;2024;2
EDUARDO MATEOS SRL;Gas Oil Grado 2;30.30;6/8/2018 09:00;SHELL C.A.P.S.A.;-31.732.873;-60.456.294;2018;8
EDUARDO MATEOS SRL;Gas Oil Grado 2;24.01;7/2/2018 09:00;SHELL C.A.P.S.A.;-31.732.873;-60.456.294;2018;2
EDUARDO MATEOS SRL;Gas Oil Grado 2;29.30;7/7/2018 21:27;SHELL C.A.P.S.A.;-31.732.873;-60.456.294;2018;7
EDUARDO MATEOS SRL;Gas Oil Grado 2;37.76;8/1/2019 17:00;SHELL C.A.P.S.A.;-31.732.873;-60.456.294;2019;1
EDUARDO MATEOS SRL;Gas Oil Grado 2;293.20;8/7/2023 06:00;SHELL C.A.P.S.A.;-31.732.873;-60.456.294;2023;7
EDUARDO MATEOS SRL;Gas Oil Grado 2;510.00;8/12/2023 00:45;SHELL C.A.P.S.A.;-31.732.873;-60.456.294;2023;12
EDUARDO MATEOS SRL;Gas Oil Grado 2;125.30;9/5/2022 09:00;SHELL C.A.P.S.A.;-31.732.873;-60.456.294;2022;5
EDUARDO MATEOS SRL;Gas Oil Grado 2;128.70;9/5/2022 21:00;SHELL C.A.P.S.A.;-31.732.873;-60.456.294;2022;5
EDUARDO MATEOS SRL;Gas Oil Grado 2;525.00;9/12/2023 08:00;SHELL C.A.P.S.A.;-31.732.873;-60.456.294;2023;12
EDUARDO MATEOS SRL;Gas Oil Grado 2;31.99;10/2/2018 15:00;SHELL C.A.P.S.A.;-31.732.873;-60.456.294;2018;2
EDUARDO MATEOS SRL;Gas Oil Grado 2;24.85;10/4/2018 11:00;SHELL C.A.P.S.A.;-31.732.873;-60.456.294;2018;4
EDUARDO MATEOS SRL;Gas Oil Grado 2;35.50;11/9/2018 10:00;SHELL C.A.P.S.A.;-31.732.873;-60.456.294;2018;9
EDUARDO MATEOS SRL;Gas Oil Grado 2;18.52;12/1/2017 20:00;SHELL C.A.P.S.A.;-31.732.873;-60.456.294;2017;1
EDUARDO MATEOS SRL;Gas Oil Grado 2;69.86;13/1/2021 15:00;SHELL C.A.P.S.A.;-31.732.873;-60.456.294;2021;1
EDUARDO MATEOS SRL;Gas Oil Grado 2;66.93;13/12/2020 10:00;SHELL C.A.P.S.A.;-31.732.873;-60.456.294;2020;12
EDUARDO MATEOS SRL;Gas Oil Grado 2;720.00;13/12/2023 14:00;SHELL C.A.P.S.A.;-31.732.873;-60.456.294;2023;12
EDUARDO MATEOS SRL;Gas Oil Grado 2;730.00;13/12/2023 15:30;SHELL C.A.P.S.A.;-31.732.873;-60.456.294;2023;12
EDUARDO MATEOS SRL;Gas Oil Grado 2;77.31;14/2/2021 16:00;SHELL C.A.P.S.A.;-31.732.873;-60.456.294;2021;2
EDUARDO MATEOS SRL;Gas Oil Grado 2;226.60;14/2/2023 22:00;SHELL C.A.P.S.A.;-31.732.873;-60.456.294;2023;2
EDUARDO MATEOS SRL;Gas Oil Grado 2;113.90;14/3/2022 09:00;SHELL C.A.P.S.A.;-31.732.873;-60.456.294;2022;3
EDUARDO MATEOS SRL;Gas Oil Grado 2;37.73;14/11/2018 16:00;SHELL C.A.P.S.A.;-31.732.873;-60.456.294;2018;11
EDUARDO MATEOS SRL;Gas Oil Grado 2;53.08;14/11/2019 06:00;SHELL C.A.P.S.A.;-31.732.873;-60.456.294;2019;11
EDUARDO MATEOS SRL;Gas Oil Grado 2;217.9;15/1/2023 09:28;SHELL C.A.P.S.A.;-31.732.873;-60.456.294;2023;1
EDUARDO MATEOS SRL;Gas Oil Grado 2;238.50;15/3/2023 00:00;SHELL C.A.P.S.A.;-31.732.873;-60.456.294;2023;3
EDUARDO MATEOS SRL;Gas Oil Grado 2;23.75;16/1/2018 08:00;SHELL C.A.P.S.A.;-31.732.873;-60.456.294;2018;1
EDUARDO MATEOS SRL;Gas Oil Grado 2;73.98;16/1/2021 12:00;SHELL C.A.P.S.A.;-31.732.873;-60.456.294;2021;1
EDUARDO MATEOS SRL;Gas Oil Grado 2;82.90;16/3/2021 10:00;SHELL C.A.P.S.A.;-31.732.873;-60.456.294;2021;3
EDUARDO MATEOS SRL;Gas Oil Grado 2;344.70;16/8/2023 00:00;SHELL C.A.P.S.A.;-31.732.873;-60.456.294;2023;8
EDUARDO MATEOS SRL;Gas Oil Grado 2;62.20;16/10/2020 12:00;SHELL C.A.P.S.A.;-31.732.873;-60.456.294;2020;10
EDUARDO MATEOS SRL;Gas Oil Grado 2;721.00;16/12/2023 03:30;SHELL C.A.P.S.A.;-31.732.873;-60.456.294;2023;12
EDUARDO MATEOS SRL;Gas Oil Grado 2;229.80;17/2/2023 10:00;SHELL C.A.P.S.A.;-31.732.873;-60.456.294;2023;2
EDUARDO MATEOS SRL;Gas Oil Grado 2;239.70;17/3/2023 01:00;SHELL C.A.P.S.A.;-31.732.873;-60.456.294;2023;3
EDUARDO MATEOS SRL;Gas Oil Grado 2;87.80;17/4/2021 11:00;SHELL C.A.P.S.A.;-31.732.873;-60.456.294;2021;4
EDUARDO MATEOS SRL;Gas Oil Grado 2;252.20;17/4/2023 00:00;SHELL C.A.P.S.A.;-31.732.873;-60.456.294;2023;4
EDUARDO MATEOS SRL;Gas Oil Grado 2;92.40;17/5/2021 08:00;SHELL C.A.P.S.A.;-31.732.873;-60.456.294;2021;5
EDUARDO MATEOS SRL;Gas Oil Grado 2;262.30;17/5/2023 08:10;SHELL C.A.P.S.A.;-31.732.873;-60.456.294;2023;5
EDUARDO MATEOS SRL;Gas Oil Grado 2;163.60;17/6/2022 15:00;SHELL C.A.P.S.A.;-31.732.873;-60.456.294;2022;6
EDUARDO MATEOS SRL;Gas Oil Grado 2;280.50;17/6/2023 08:30;SHELL C.A.P.S.A.;-31.732.873;-60.456.294;2023;6
EDUARDO MATEOS SRL;Gas Oil Grado 2;264.50;18/5/2023 08:00;SHELL C.A.P.S.A.;-31.732.873;-60.456.294;2023;5
EDUARDO MATEOS SRL;Gas Oil Grado 2;24.18;19/4/2018 06:00;SHELL C.A.P.S.A.;-31.732.873;-60.456.294;2018;4
EDUARDO MATEOS SRL;Gas Oil Grado 2;58.80;19/8/2020 09:00;SHELL C.A.P.S.A.;-31.732.873;-60.456.294;2020;8
EDUARDO MATEOS SRL;Gas Oil Grado 2;48.15;19/9/2019 06:00;SHELL C.A.P.S.A.;-31.732.873;-60.456.294;2019;9
EDUARDO MATEOS SRL;Gas Oil Grado 2;59.99;19/9/2020 10:00;SHELL C.A.P.S.A.;-31.732.873;-60.456.294;2020;9
EDUARDO MATEOS SRL;Gas Oil Grado 2;168.70;22/8/2022 08:00;SHELL C.A.P.S.A.;-31.732.873;-60.456.294;2022;8
EDUARDO MATEOS SRL;Gas Oil Grado 2;20.86;23/10/2017 09:00;SHELL C.A.P.S.A.;-31.732.873;-60.456.294;2017;10
EDUARDO MATEOS SRL;Gas Oil Grado 2;21.84;23/12/2017 15:00;SHELL C.A.P.S.A.;-31.732.873;-60.456.294;2017;12
EDUARDO MATEOS SRL;Gas Oil Grado 2;23.16;24/1/2018 21:00;SHELL C.A.P.S.A.;-31.732.873;-60.456.294;2018;1
EDUARDO MATEOS SRL;Gas Oil Grado 2;64.43;24/11/2020 06:00;SHELL C.A.P.S.A.;-31.732.873;-60.456.294;2020;11
EDUARDO MATEOS SRL;Gas Oil Grado 2;365.10;25/10/2023 14:00;SHELL C.A.P.S.A.;-31.732.873;-60.456.294;2023;10
EDUARDO MATEOS SRL;Gas Oil Grado 2;437.00;25/11/2023 12:00;SHELL C.A.P.S.A.;-31.732.873;-60.456.294;2023;11
EDUARDO MATEOS SRL;Gas Oil Grado 2;40.86;26/3/2019 15:00;SHELL C.A.P.S.A.;-31.732.873;-60.456.294;2019;3
EDUARDO MATEOS SRL;Gas Oil Grado 2;351.60;26/9/2023 00:40;SHELL C.A.P.S.A.;-31.732.873;-60.456.294;2023;9
EDUARDO MATEOS SRL;Gas Oil Grado 2;366.00;26/10/2023 00:05;SHELL C.A.P.S.A.;-31.732.873;-60.456.294;2023;10
EDUARDO MATEOS SRL;Gas Oil Grado 2;44.74;30/3/2019 16:00;SHELL C.A.P.S.A.;-31.732.873;-60.456.294;2019;3
EDUARDO MATEOS SRL;Gas Oil Grado 2;43.76;30/4/2019 17:00;SHELL C.A.P.S.A.;-31.732.873;-60.456.294;2019;4
EDUARDO MATEOS SRL;Gas Oil Grado 3;1528;1/1/2025 00:00;SHELL C.A.P.S.A.;-31.732.873;-60.456.294;2025;1
EDUARDO MATEOS SRL;Gas Oil Grado 3;1126.00;1/2/2024 07:00;SHELL C.A.P.S.A.;-31.732.873;-60.456.294;2024;2
EDUARDO MATEOS SRL;Gas Oil Grado 3;1580;1/2/2025 08:00;SHELL C.A.P.S.A.;-31.732.873;-60.456.294;2025;2
EDUARDO MATEOS SRL;Gas Oil Grado 3;48.53;1/3/2019 01:00;SHELL C.A.P.S.A.;-31.732.873;-60.456.294;2019;3
EDUARDO MATEOS SRL;Gas Oil Grado 3;1599;1/3/2025 06:00;SHELL C.A.P.S.A.;-31.732.873;-60.456.294;2025;3
EDUARDO MATEOS SRL;Gas Oil Grado 3;50.51;1/4/2019 19:00;SHELL C.A.P.S.A.;-31.732.873;-60.456.294;2019;4
EDUARDO MATEOS SRL;Gas Oil Grado 3;1267;1/4/2024 08:00;SHELL C.A.P.S.A.;-31.732.873;-60.456.294;2024;4
EDUARDO MATEOS SRL;Gas Oil Grado 3;1628;1/4/2025 08:00;SHELL C.A.P.S.A.;-31.732.873;-60.456.294;2025;4
EDUARDO MATEOS SRL;Gas Oil Grado 3;1317;1/5/2024 08:00;SHELL C.A.P.S.A.;-31.732.873;-60.456.294;2024;5
EDUARDO MATEOS SRL;Gas Oil Grado 3;53.15;1/6/2019 08:00;SHELL C.A.P.S.A.;-31.732.873;-60.456.294;2019;6
EDUARDO MATEOS SRL;Gas Oil Grado 3;1351.00;1/6/2024 08:30;SHELL C.A.P.S.A.;-31.732.873;-60.456.294;2024;6
EDUARDO MATEOS SRL;Gas Oil Grado 3;53.98;1/7/2019 18:00;SHELL C.A.P.S.A.;-31.732.873;-60.456.294;2019;7
EDUARDO MATEOS SRL;Gas Oil Grado 3;1392.00;1/7/2024 06:00;SHELL C.A.P.S.A.;-31.732.873;-60.456.294;2024;7
EDUARDO MATEOS SRL;Gas Oil Grado 3;370.50;1/8/2023 00:00;SHELL C.A.P.S.A.;-31.732.873;-60.456.294;2023;8
EDUARDO MATEOS SRL;Gas Oil Grado 3;1433.00;1/8/2024 08:00;SHELL C.A.P.S.A.;-31.732.873;-60.456.294;2024;8
EDUARDO MATEOS SRL;Gas Oil Grado 3;41.64;1/9/2018 00:00;SHELL C.A.P.S.A.;-31.732.873;-60.456.294;2018;9
EDUARDO MATEOS SRL;Gas Oil Grado 3;1457;1/9/2024 04:00;SHELL C.A.P.S.A.;-31.732.873;-60.456.294;2024;9
EDUARDO MATEOS SRL;Gas Oil Grado 3;44.81;1/10/2018 04:00;SHELL C.A.P.S.A.;-31.732.873;-60.456.294;2018;10
EDUARDO MATEOS SRL;Gas Oil Grado 3;231.70;1/10/2022 12:00;SHELL C.A.P.S.A.;-31.732.873;-60.456.294;2022;10
EDUARDO MATEOS SRL;Gas Oil Grado 3;58.94;1/11/2019 06:00;SHELL C.A.P.S.A.;-31.732.873;-60.456.294;2019;11
EDUARDO MATEOS SRL;Gas Oil Grado 3;478.00;1/11/2023 00:00;SHELL C.A.P.S.A.;-31.732.873;-60.456.294;2023;11
EDUARDO MATEOS SRL;Gas Oil Grado 3;1479;1/11/2024 09:00;SHELL C.A.P.S.A.;-31.732.873;-60.456.294;2024;11
EDUARDO MATEOS SRL;Gas Oil Grado 3;263.90;1/12/2022 08:00;SHELL C.A.P.S.A.;-31.732.873;-60.456.294;2022;12
EDUARDO MATEOS SRL;Gas Oil Grado 3;90.88;2/2/2021 10:00;SHELL C.A.P.S.A.;-31.732.873;-60.456.294;2021;2
EDUARDO MATEOS SRL;Gas Oil Grado 3;124.80;2/2/2022 10:00;SHELL C.A.P.S.A.;-31.732.873;-60.456.294;2022;2
EDUARDO MATEOS SRL;Gas Oil Grado 3;1213;2/3/2024 08:00;SHELL C.A.P.S.A.;-31.732.873;-60.456.294;2024;3
EDUARDO MATEOS SRL;Gas Oil Grado 3;1565;2/5/2025 10:00;SHELL C.A.P.S.A.;-31.732.873;-60.456.294;2025;5
EDUARDO MATEOS SRL;Gas Oil Grado 3;30.15;2/6/2018 16:00;SHELL C.A.P.S.A.;-31.732.873;-60.456.294;2018;6
EDUARDO MATEOS SRL;Gas Oil Grado 3;1580;2/6/2025 00:00;SHELL C.A.P.S.A.;-31.732.873;-60.456.294;2025;6
EDUARDO MATEOS SRL;Gas Oil Grado 3;22.30;2/7/2017 08:00;SHELL C.A.P.S.A.;-31.732.873;-60.456.294;2017;7
EDUARDO MATEOS SRL;Gas Oil Grado 3;1439;2/10/2024 06:00;SHELL C.A.P.S.A.;-31.732.873;-60.456.294;2024;10
EDUARDO MATEOS SRL;Gas Oil Grado 3;47.04;2/11/2018 15:00;SHELL C.A.P.S.A.;-31.732.873;-60.456.294;2018;11
EDUARDO MATEOS SRL;Gas Oil Grado 3;25.98;2/12/2017 14:20;SHELL C.A.P.S.A.;-31.732.873;-60.456.294;2017;12
EDUARDO MATEOS SRL;Gas Oil Grado 3;65.47;2/12/2019 06:00;SHELL C.A.P.S.A.;-31.732.873;-60.456.294;2019;12
EDUARDO MATEOS SRL;Gas Oil Grado 3;1518;2/12/2024 00:30;SHELL C.A.P.S.A.;-31.732.873;-60.456.294;2024;12
EDUARDO MATEOS SRL;Gas Oil Grado 3;1058.00;3/1/2024 00:00;SHELL C.A.P.S.A.;-31.732.873;-60.456.294;2024;1
EDUARDO MATEOS SRL;Gas Oil Grado 3;1547;3/1/2025 10:00;SHELL C.A.P.S.A.;-31.732.873;-60.456.294;2025;1
EDUARDO MATEOS SRL;Gas Oil Grado 3;47.78;3/2/2019 12:00;SHELL C.A.P.S.A.;-31.732.873;-60.456.294;2019;2
EDUARDO MATEOS SRL;Gas Oil Grado 3;33.77;3/7/2018 01:00;SHELL C.A.P.S.A.;-31.732.873;-60.456.294;2018;7
EDUARDO MATEOS SRL;Gas Oil Grado 3;253.80;3/11/2022 11:00;SHELL C.A.P.S.A.;-31.732.873;-60.456.294;2022;11
EDUARDO MATEOS SRL;Gas Oil Grado 3;46.85;4/12/2018 17:00;SHELL C.A.P.S.A.;-31.732.873;-60.456.294;2018;12
EDUARDO MATEOS SRL;Gas Oil Grado 3;82.72;5/1/2021 10:00;SHELL C.A.P.S.A.;-31.732.873;-60.456.294;2021;1
EDUARDO MATEOS SRL;Gas Oil Grado 3;21.14;5/4/2017 11:00;SHELL C.A.P.S.A.;-31.732.873;-60.456.294;2017;4
EDUARDO MATEOS SRL;Gas Oil Grado 3;268.70;5/12/2022 17:15;SHELL C.A.P.S.A.;-31.732.873;-60.456.294;2022;12
EDUARDO MATEOS SRL;Gas Oil Grado 3;1128.00;6/2/2024 00:00;SHELL C.A.P.S.A.;-31.732.873;-60.456.294;2024;2
EDUARDO MATEOS SRL;Gas Oil Grado 3;36.14;6/8/2018 09:00;SHELL C.A.P.S.A.;-31.732.873;-60.456.294;2018;8
EDUARDO MATEOS SRL;Gas Oil Grado 3;65.77;6/12/2019 06:00;SHELL C.A.P.S.A.;-31.732.873;-60.456.294;2019;12
EDUARDO MATEOS SRL;Gas Oil Grado 3;28.15;7/2/2018 09:00;SHELL C.A.P.S.A.;-31.732.873;-60.456.294;2018;2
EDUARDO MATEOS SRL;Gas Oil Grado 3;47.21;8/2/2019 16:00;SHELL C.A.P.S.A.;-31.732.873;-60.456.294;2019;2
EDUARDO MATEOS SRL;Gas Oil Grado 3;354.50;8/7/2023 06:00;SHELL C.A.P.S.A.;-31.732.873;-60.456.294;2023;7
EDUARDO MATEOS SRL;Gas Oil Grado 3;598.00;8/12/2023 00:45;SHELL C.A.P.S.A.;-31.732.873;-60.456.294;2023;12
EDUARDO MATEOS SRL;Gas Oil Grado 3;157.80;9/5/2022 09:00;SHELL C.A.P.S.A.;-31.732.873;-60.456.294;2022;5
EDUARDO MATEOS SRL;Gas Oil Grado 3;163.90;9/5/2022 21:00;SHELL C.A.P.S.A.;-31.732.873;-60.456.294;2022;5
EDUARDO MATEOS SRL;Gas Oil Grado 3;608.00;9/12/2023 08:00;SHELL C.A.P.S.A.;-31.732.873;-60.456.294;2023;12
EDUARDO MATEOS SRL;Gas Oil Grado 3;28.22;10/2/2018 15:00;SHELL C.A.P.S.A.;-31.732.873;-60.456.294;2018;2
EDUARDO MATEOS SRL;Gas Oil Grado 3;29.67;10/4/2018 11:00;SHELL C.A.P.S.A.;-31.732.873;-60.456.294;2018;4
EDUARDO MATEOS SRL;Gas Oil Grado 3;42.60;11/9/2018 10:00;SHELL C.A.P.S.A.;-31.732.873;-60.456.294;2018;9
EDUARDO MATEOS SRL;Gas Oil Grado 3;21.59;12/1/2017 20:00;SHELL C.A.P.S.A.;-31.732.873;-60.456.294;2017;1
EDUARDO MATEOS SRL;Gas Oil Grado 3;83.94;13/1/2021 15:00;SHELL C.A.P.S.A.;-31.732.873;-60.456.294;2021;1
EDUARDO MATEOS SRL;Gas Oil Grado 3;79.56;13/12/2020 10:00;SHELL C.A.P.S.A.;-31.732.873;-60.456.294;2020;12
EDUARDO MATEOS SRL;Gas Oil Grado 3;833.00;13/12/2023 14:00;SHELL C.A.P.S.A.;-31.732.873;-60.456.294;2023;12
EDUARDO MATEOS SRL;Gas Oil Grado 3;846.00;13/12/2023 15:30;SHELL C.A.P.S.A.;-31.732.873;-60.456.294;2023;12
EDUARDO MATEOS SRL;Gas Oil Grado 3;91.90;14/2/2021 16:00;SHELL C.A.P.S.A.;-31.732.873;-60.456.294;2021;2
EDUARDO MATEOS SRL;Gas Oil Grado 3;295.90;14/2/2023 22:00;SHELL C.A.P.S.A.;-31.732.873;-60.456.294;2023;2
EDUARDO MATEOS SRL;Gas Oil Grado 3;142.20;14/3/2022 09:00;SHELL C.A.P.S.A.;-31.732.873;-60.456.294;2022;3
EDUARDO MATEOS SRL;Gas Oil Grado 3;45.93;14/11/2018 16:00;SHELL C.A.P.S.A.;-31.732.873;-60.456.294;2018;11
EDUARDO MATEOS SRL;Gas Oil Grado 3;61.89;14/11/2019 06:00;SHELL C.A.P.S.A.;-31.732.873;-60.456.294;2019;11
EDUARDO MATEOS SRL;Gas Oil Grado 3;280.80;15/1/2023 09:29;SHELL C.A.P.S.A.;-31.732.873;-60.456.294;2023;1
EDUARDO MATEOS SRL;Gas Oil Grado 3;310.30;15/3/2023 00:00;SHELL C.A.P.S.A.;-31.732.873;-60.456.294;2023;3
EDUARDO MATEOS SRL;Gas Oil Grado 3;88.99;16/1/2021 12:00;SHELL C.A.P.S.A.;-31.732.873;-60.456.294;2021;1
EDUARDO MATEOS SRL;Gas Oil Grado 3;284.50;16/1/2023 21:30;SHELL C.A.P.S.A.;-31.732.873;-60.456.294;2023;1
EDUARDO MATEOS SRL;Gas Oil Grado 3;98.80;16/3/2021 10:00;SHELL C.A.P.S.A.;-31.732.873;-60.456.294;2021;3
EDUARDO MATEOS SRL;Gas Oil Grado 3;418.90;16/8/2023 00:00;SHELL C.A.P.S.A.;-31.732.873;-60.456.294;2023;8
EDUARDO MATEOS SRL;Gas Oil Grado 3;73.16;16/10/2020 12:00;SHELL C.A.P.S.A.;-31.732.873;-60.456.294;2020;10
EDUARDO MATEOS SRL;Gas Oil Grado 3;844.00;16/12/2023 03:30;SHELL C.A.P.S.A.;-31.732.873;-60.456.294;2023;12
EDUARDO MATEOS SRL;Gas Oil Grado 3;298.90;17/2/2023 10:00;SHELL C.A.P.S.A.;-31.732.873;-60.456.294;2023;2
EDUARDO MATEOS SRL;Gas Oil Grado 3;308.90;17/3/2023 01:00;SHELL C.A.P.S.A.;-31.732.873;-60.456.294;2023;3
EDUARDO MATEOS SRL;Gas Oil Grado 3;105.80;17/4/2021 11:00;SHELL C.A.P.S.A.;-31.732.873;-60.456.294;2021;4
EDUARDO MATEOS SRL;Gas Oil Grado 3;314.70;17/4/2023 00:00;SHELL C.A.P.S.A.;-31.732.873;-60.456.294;2023;4
EDUARDO MATEOS SRL;Gas Oil Grado 3;110.40;17/5/2021 08:00;SHELL C.A.P.S.A.;-31.732.873;-60.456.294;2021;5
EDUARDO MATEOS SRL;Gas Oil Grado 3;327.30;17/5/2023 08:10;SHELL C.A.P.S.A.;-31.732.873;-60.456.294;2023;5
EDUARDO MATEOS SRL;Gas Oil Grado 3;205.90;17/6/2022 15:00;SHELL C.A.P.S.A.;-31.732.873;-60.456.294;2022;6
EDUARDO MATEOS SRL;Gas Oil Grado 3;339.20;17/6/2023 08:30;SHELL C.A.P.S.A.;-31.732.873;-60.456.294;2023;6
EDUARDO MATEOS SRL;Gas Oil Grado 3;27.51;18/1/2018 08:00;SHELL C.A.P.S.A.;-31.732.873;-60.456.294;2018;1
EDUARDO MATEOS SRL;Gas Oil Grado 3;329.20;18/5/2023 08:00;SHELL C.A.P.S.A.;-31.732.873;-60.456.294;2023;5
EDUARDO MATEOS SRL;Gas Oil Grado 3;28.85;19/4/2018 06:00;SHELL C.A.P.S.A.;-31.732.873;-60.456.294;2018;4
EDUARDO MATEOS SRL;Gas Oil Grado 3;68.98;19/8/2020 09:00;SHELL C.A.P.S.A.;-31.732.873;-60.456.294;2020;8
EDUARDO MATEOS SRL;Gas Oil Grado 3;56.14;19/9/2019 06:00;SHELL C.A.P.S.A.;-31.732.873;-60.456.294;2019;9
EDUARDO MATEOS SRL;Gas Oil Grado 3;70.56;19/9/2020 10:00;SHELL C.A.P.S.A.;-31.732.873;-60.456.294;2020;9
EDUARDO MATEOS SRL;Gas Oil Grado 3;215.20;22/8/2022 08:00;SHELL C.A.P.S.A.;-31.732.873;-60.456.294;2022;8
EDUARDO MATEOS SRL;Gas Oil Grado 3;24.51;23/10/2017 09:00;SHELL C.A.P.S.A.;-31.732.873;-60.456.294;2017;10
EDUARDO MATEOS SRL;Gas Oil Grado 3;25.86;23/12/2017 15:00;SHELL C.A.P.S.A.;-31.732.873;-60.456.294;2017;12
EDUARDO MATEOS SRL;Gas Oil Grado 3;27.16;24/1/2018 21:00;SHELL C.A.P.S.A.;-31.732.873;-60.456.294;2018;1
EDUARDO MATEOS SRL;Gas Oil Grado 3;75.88;24/11/2020 06:00;SHELL C.A.P.S.A.;-31.732.873;-60.456.294;2020;11
EDUARDO MATEOS SRL;Gas Oil Grado 3;527.00;25/11/2023 12:00;SHELL C.A.P.S.A.;-31.732.873;-60.456.294;2023;11
EDUARDO MATEOS SRL;Gas Oil Grado 3;427.30;26/9/2023 00:40;SHELL C.A.P.S.A.;-31.732.873;-60.456.294;2023;9
EDUARDO MATEOS SRL;Gas Oil Grado 3;444.00;26/10/2023 00:05;SHELL C.A.P.S.A.;-31.732.873;-60.456.294;2023;10
EDUARDO MATEOS SRL;Gas Oil Grado 3;53.14;30/3/2019 16:00;SHELL C.A.P.S.A.;-31.732.873;-60.456.294;2019;3
EDUARDO MATEOS SRL;Gas Oil Grado 3;52.78;30/4/2019 17:00;SHELL C.A.P.S.A.;-31.732.873;-60.456.294;2019;4
EDUARDO MATEOS SRL;Nafta (premium) de más de 95 Ron;1497;1/1/2025 00:00;SHELL C.A.P.S.A.;-31.732.873;-60.456.294;2025;1
EDUARDO MATEOS SRL;Nafta (premium) de más de 95 Ron;1057.00;1/2/2024 07:00;SHELL C.A.P.S.A.;-31.732.873;-60.456.294;2024;2
EDUARDO MATEOS SRL;Nafta (premium) de más de 95 Ron;1546;1/2/2025 08:00;SHELL C.A.P.S.A.;-31.732.873;-60.456.294;2025;2
EDUARDO MATEOS SRL;Nafta (premium) de más de 95 Ron;48.78;1/3/2019 01:00;SHELL C.A.P.S.A.;-31.732.873;-60.456.294;2019;3
EDUARDO MATEOS SRL;Nafta (premium) de más de 95 Ron;48.79;1/3/2019 17:00;SHELL C.A.P.S.A.;-31.732.873;-60.456.294;2019;3
EDUARDO MATEOS SRL;Nafta (premium) de más de 95 Ron;1569;1/3/2025 06:00;SHELL C.A.P.S.A.;-31.732.873;-60.456.294;2025;3
EDUARDO MATEOS SRL;Nafta (premium) de más de 95 Ron;50.98;1/4/2019 19:00;SHELL C.A.P.S.A.;-31.732.873;-60.456.294;2019;4
EDUARDO MATEOS SRL;Nafta (premium) de más de 95 Ron;1191;1/4/2024 08:00;SHELL C.A.P.S.A.;-31.732.873;-60.456.294;2024;4
EDUARDO MATEOS SRL;Nafta (premium) de más de 95 Ron;1596;1/4/2025 08:00;SHELL C.A.P.S.A.;-31.732.873;-60.456.294;2025;4
EDUARDO MATEOS SRL;Nafta (premium) de más de 95 Ron;1237;1/5/2024 08:00;SHELL C.A.P.S.A.;-31.732.873;-60.456.294;2024;5
EDUARDO MATEOS SRL;Nafta (premium) de más de 95 Ron;53.76;1/6/2019 08:00;SHELL C.A.P.S.A.;-31.732.873;-60.456.294;2019;6
EDUARDO MATEOS SRL;Nafta (premium) de más de 95 Ron;1287.00;1/6/2024 08:30;SHELL C.A.P.S.A.;-31.732.873;-60.456.294;2024;6
EDUARDO MATEOS SRL;Nafta (premium) de más de 95 Ron;54.98;1/7/2019 18:00;SHELL C.A.P.S.A.;-31.732.873;-60.456.294;2019;7
EDUARDO MATEOS SRL;Nafta (premium) de más de 95 Ron;1328.00;1/7/2024 06:00;SHELL C.A.P.S.A.;-31.732.873;-60.456.294;2024;7
EDUARDO MATEOS SRL;Nafta (premium) de más de 95 Ron;330.20;1/8/2023 00:00;SHELL C.A.P.S.A.;-31.732.873;-60.456.294;2023;8
EDUARDO MATEOS SRL;Nafta (premium) de más de 95 Ron;1366.00;1/8/2024 08:00;SHELL C.A.P.S.A.;-31.732.873;-60.456.294;2024;8
EDUARDO MATEOS SRL;Nafta (premium) de más de 95 Ron;46.75;1/9/2018 00:00;SHELL C.A.P.S.A.;-31.732.873;-60.456.294;2018;9
EDUARDO MATEOS SRL;Nafta (premium) de más de 95 Ron;1416;1/9/2024 04:00;SHELL C.A.P.S.A.;-31.732.873;-60.456.294;2024;9
EDUARDO MATEOS SRL;Nafta (premium) de más de 95 Ron;48.18;1/10/2018 04:00;SHELL C.A.P.S.A.;-31.732.873;-60.456.294;2018;10
EDUARDO MATEOS SRL;Nafta (premium) de más de 95 Ron;189.20;1/10/2022 12:00;SHELL C.A.P.S.A.;-31.732.873;-60.456.294;2022;10
EDUARDO MATEOS SRL;Nafta (premium) de más de 95 Ron;59.99;1/11/2019 06:00;SHELL C.A.P.S.A.;-31.732.873;-60.456.294;2019;11
EDUARDO MATEOS SRL;Nafta (premium) de más de 95 Ron;425.00;1/11/2023 00:00;SHELL C.A.P.S.A.;-31.732.873;-60.456.294;2023;11
EDUARDO MATEOS SRL;Nafta (premium) de más de 95 Ron;1448;1/11/2024 09:00;SHELL C.A.P.S.A.;-31.732.873;-60.456.294;2024;11
EDUARDO MATEOS SRL;Nafta (premium) de más de 95 Ron;211.50;1/12/2022 08:00;SHELL C.A.P.S.A.;-31.732.873;-60.456.294;2022;12
EDUARDO MATEOS SRL;Nafta (premium) de más de 95 Ron;91.39;2/2/2021 10:00;SHELL C.A.P.S.A.;-31.732.873;-60.456.294;2021;2
EDUARDO MATEOS SRL;Nafta (premium) de más de 95 Ron;124.30;2/2/2022 10:00;SHELL C.A.P.S.A.;-31.732.873;-60.456.294;2022;2
EDUARDO MATEOS SRL;Nafta (premium) de más de 95 Ron;1141;2/3/2024 08:00;SHELL C.A.P.S.A.;-31.732.873;-60.456.294;2024;3
EDUARDO MATEOS SRL;Nafta (premium) de más de 95 Ron;1540;2/5/2025 10:00;SHELL C.A.P.S.A.;-31.732.873;-60.456.294;2025;5
EDUARDO MATEOS SRL;Nafta (premium) de más de 95 Ron;34.63;2/6/2018 16:00;SHELL C.A.P.S.A.;-31.732.873;-60.456.294;2018;6
EDUARDO MATEOS SRL;Nafta (premium) de más de 95 Ron;1554;2/6/2025 00:00;SHELL C.A.P.S.A.;-31.732.873;-60.456.294;2025;6
EDUARDO MATEOS SRL;Nafta (premium) de más de 95 Ron;25.44;2/7/2017 08:00;SHELL C.A.P.S.A.;-31.732.873;-60.456.294;2017;7
EDUARDO MATEOS SRL;Nafta (premium) de más de 95 Ron;1409;2/10/2024 06:00;SHELL C.A.P.S.A.;-31.732.873;-60.456.294;2024;10
EDUARDO MATEOS SRL;Nafta (premium) de más de 95 Ron;49.63;2/11/2018 15:00;SHELL C.A.P.S.A.;-31.732.873;-60.456.294;2018;11
EDUARDO MATEOS SRL;Nafta (premium) de más de 95 Ron;29.80;2/12/2017 14:20;SHELL C.A.P.S.A.;-31.732.873;-60.456.294;2017;12
EDUARDO MATEOS SRL;Nafta (premium) de más de 95 Ron;67.21;2/12/2019 06:00;SHELL C.A.P.S.A.;-31.732.873;-60.456.294;2019;12
EDUARDO MATEOS SRL;Nafta (premium) de más de 95 Ron;1485;2/12/2024 00:30;SHELL C.A.P.S.A.;-31.732.873;-60.456.294;2024;12
EDUARDO MATEOS SRL;Nafta (premium) de más de 95 Ron;994.00;3/1/2024 00:00;SHELL C.A.P.S.A.;-31.732.873;-60.456.294;2024;1
EDUARDO MATEOS SRL;Nafta (premium) de más de 95 Ron;1513;3/1/2025 10:00;SHELL C.A.P.S.A.;-31.732.873;-60.456.294;2025;1
EDUARDO MATEOS SRL;Nafta (premium) de más de 95 Ron;47.45;3/2/2019 12:00;SHELL C.A.P.S.A.;-31.732.873;-60.456.294;2019;2
EDUARDO MATEOS SRL;Nafta (premium) de más de 95 Ron;38.49;3/7/2018 01:00;SHELL C.A.P.S.A.;-31.732.873;-60.456.294;2018;7
EDUARDO MATEOS SRL;Nafta (premium) de más de 95 Ron;203.30;3/11/2022 11:00;SHELL C.A.P.S.A.;-31.732.873;-60.456.294;2022;11
EDUARDO MATEOS SRL;Nafta (premium) de más de 95 Ron;46.99;4/12/2018 17:00;SHELL C.A.P.S.A.;-31.732.873;-60.456.294;2018;12
EDUARDO MATEOS SRL;Nafta (premium) de más de 95 Ron;83.94;5/1/2021 10:00;SHELL C.A.P.S.A.;-31.732.873;-60.456.294;2021;1
EDUARDO MATEOS SRL;Nafta (premium) de más de 95 Ron;67.73;5/3/2020 08:00;SHELL C.A.P.S.A.;-31.732.873;-60.456.294;2020;3
EDUARDO MATEOS SRL;Nafta (premium) de más de 95 Ron;23.95;5/4/2017 11:00;SHELL C.A.P.S.A.;-31.732.873;-60.456.294;2017;4
EDUARDO MATEOS SRL;Nafta (premium) de más de 95 Ron;215.40;5/12/2022 17:15;SHELL C.A.P.S.A.;-31.732.873;-60.456.294;2022;12
EDUARDO MATEOS SRL;Nafta (premium) de más de 95 Ron;1073.00;6/2/2024 00:00;SHELL C.A.P.S.A.;-31.732.873;-60.456.294;2024;2
EDUARDO MATEOS SRL;Nafta (premium) de más de 95 Ron;42.13;6/8/2018 09:00;SHELL C.A.P.S.A.;-31.732.873;-60.456.294;2018;8
EDUARDO MATEOS SRL;Nafta (premium) de más de 95 Ron;67.56;6/12/2019 06:00;SHELL C.A.P.S.A.;-31.732.873;-60.456.294;2019;12
EDUARDO MATEOS SRL;Nafta (premium) de más de 95 Ron;32.13;7/2/2018 09:00;SHELL C.A.P.S.A.;-31.732.873;-60.456.294;2018;2
EDUARDO MATEOS SRL;Nafta (premium) de más de 95 Ron;315.90;8/7/2023 06:00;SHELL C.A.P.S.A.;-31.732.873;-60.456.294;2023;7
EDUARDO MATEOS SRL;Nafta (premium) de más de 95 Ron;543.00;8/12/2023 00:45;SHELL C.A.P.S.A.;-31.732.873;-60.456.294;2023;12
EDUARDO MATEOS SRL;Nafta (premium) de más de 95 Ron;157.40;9/5/2022 09:00;SHELL C.A.P.S.A.;-31.732.873;-60.456.294;2022;5
EDUARDO MATEOS SRL;Nafta (premium) de más de 95 Ron;158.70;9/5/2022 21:00;SHELL C.A.P.S.A.;-31.732.873;-60.456.294;2022;5
EDUARDO MATEOS SRL;Nafta (premium) de más de 95 Ron;566.00;9/12/2023 08:00;SHELL C.A.P.S.A.;-31.732.873;-60.456.294;2023;12
EDUARDO MATEOS SRL;Nafta (premium) de más de 95 Ron;23.88;10/2/2018 15:00;SHELL C.A.P.S.A.;-31.732.873;-60.456.294;2018;2
EDUARDO MATEOS SRL;Nafta (premium) de más de 95 Ron;33.33;10/4/2018 11:00;SHELL C.A.P.S.A.;-31.732.873;-60.456.294;2018;4
EDUARDO MATEOS SRL;Nafta (premium) de más de 95 Ron;23.99;12/1/2017 20:00;SHELL C.A.P.S.A.;-31.732.873;-60.456.294;2017;1
EDUARDO MATEOS SRL;Nafta (premium) de más de 95 Ron;85.17;13/1/2021 15:00;SHELL C.A.P.S.A.;-31.732.873;-60.456.294;2021;1
EDUARDO MATEOS SRL;Nafta (premium) de más de 95 Ron;80.78;13/12/2020 10:00;SHELL C.A.P.S.A.;-31.732.873;-60.456.294;2020;12
EDUARDO MATEOS SRL;Nafta (premium) de más de 95 Ron;776.00;13/12/2023 14:00;SHELL C.A.P.S.A.;-31.732.873;-60.456.294;2023;12
EDUARDO MATEOS SRL;Nafta (premium) de más de 95 Ron;782.00;13/12/2023 15:30;SHELL C.A.P.S.A.;-31.732.873;-60.456.294;2023;12
EDUARDO MATEOS SRL;Nafta (premium) de más de 95 Ron;92.41;14/2/2021 16:00;SHELL C.A.P.S.A.;-31.732.873;-60.456.294;2021;2
EDUARDO MATEOS SRL;Nafta (premium) de más de 95 Ron;237.60;14/2/2023 22:00;SHELL C.A.P.S.A.;-31.732.873;-60.456.294;2023;2
EDUARDO MATEOS SRL;Nafta (premium) de más de 95 Ron;141.80;14/3/2022 09:00;SHELL C.A.P.S.A.;-31.732.873;-60.456.294;2022;3
EDUARDO MATEOS SRL;Nafta (premium) de más de 95 Ron;39.63;14/7/2018 06:00;SHELL C.A.P.S.A.;-31.732.873;-60.456.294;2018;7
EDUARDO MATEOS SRL;Nafta (premium) de más de 95 Ron;62.99;14/11/2019 06:00;SHELL C.A.P.S.A.;-31.732.873;-60.456.294;2019;11
EDUARDO MATEOS SRL;Nafta (premium) de más de 95 Ron;225.20;15/1/2023 09:30;SHELL C.A.P.S.A.;-31.732.873;-60.456.294;2023;1
EDUARDO MATEOS SRL;Nafta (premium) de más de 95 Ron;249.50;15/3/2023 00:00;SHELL C.A.P.S.A.;-31.732.873;-60.456.294;2023;3
EDUARDO MATEOS SRL;Nafta (premium) de más de 95 Ron;31.29;16/1/2018 08:00;SHELL C.A.P.S.A.;-31.732.873;-60.456.294;2018;1
EDUARDO MATEOS SRL;Nafta (premium) de más de 95 Ron;90.36;16/1/2021 12:00;SHELL C.A.P.S.A.;-31.732.873;-60.456.294;2021;1
EDUARDO MATEOS SRL;Nafta (premium) de más de 95 Ron;228.50;16/1/2023 21:30;SHELL C.A.P.S.A.;-31.732.873;-60.456.294;2023;1
EDUARDO MATEOS SRL;Nafta (premium) de más de 95 Ron;99.40;16/3/2021 10:00;SHELL C.A.P.S.A.;-31.732.873;-60.456.294;2021;3
EDUARDO MATEOS SRL;Nafta (premium) de más de 95 Ron;371.50;16/8/2023 00:00;SHELL C.A.P.S.A.;-31.732.873;-60.456.294;2023;8
EDUARDO MATEOS SRL;Nafta (premium) de más de 95 Ron;74.81;16/10/2020 12:00;SHELL C.A.P.S.A.;-31.732.873;-60.456.294;2020;10
EDUARDO MATEOS SRL;Nafta (premium) de más de 95 Ron;788.00;16/12/2023 03:30;SHELL C.A.P.S.A.;-31.732.873;-60.456.294;2023;12
EDUARDO MATEOS SRL;Nafta (premium) de más de 95 Ron;240.40;17/2/2023 10:00;SHELL C.A.P.S.A.;-31.732.873;-60.456.294;2023;2
EDUARDO MATEOS SRL;Nafta (premium) de más de 95 Ron;252.70;17/3/2023 01:00;SHELL C.A.P.S.A.;-31.732.873;-60.456.294;2023;3
EDUARDO MATEOS SRL;Nafta (premium) de más de 95 Ron;104.90;17/4/2021 11:00;SHELL C.A.P.S.A.;-31.732.873;-60.456.294;2021;4
EDUARDO MATEOS SRL;Nafta (premium) de más de 95 Ron;267.70;17/4/2023 00:00;SHELL C.A.P.S.A.;-31.732.873;-60.456.294;2023;4
EDUARDO MATEOS SRL;Nafta (premium) de más de 95 Ron;111.90;17/5/2021 08:00;SHELL C.A.P.S.A.;-31.732.873;-60.456.294;2021;5
EDUARDO MATEOS SRL;Nafta (premium) de más de 95 Ron;278.40;17/5/2023 08:10;SHELL C.A.P.S.A.;-31.732.873;-60.456.294;2023;5
EDUARDO MATEOS SRL;Nafta (premium) de más de 95 Ron;302.40;17/6/2023 08:30;SHELL C.A.P.S.A.;-31.732.873;-60.456.294;2023;6
EDUARDO MATEOS SRL;Nafta (premium) de más de 95 Ron;279.90;18/5/2023 08:00;SHELL C.A.P.S.A.;-31.732.873;-60.456.294;2023;5
EDUARDO MATEOS SRL;Nafta (premium) de más de 95 Ron;39.82;18/7/2018 19:30;SHELL C.A.P.S.A.;-31.732.873;-60.456.294;2018;7
EDUARDO MATEOS SRL;Nafta (premium) de más de 95 Ron;32.98;19/4/2018 06:00;SHELL C.A.P.S.A.;-31.732.873;-60.456.294;2018;4
EDUARDO MATEOS SRL;Nafta (premium) de más de 95 Ron;71.38;19/8/2020 09:00;SHELL C.A.P.S.A.;-31.732.873;-60.456.294;2020;8
EDUARDO MATEOS SRL;Nafta (premium) de más de 95 Ron;57.18;19/9/2019 06:00;SHELL C.A.P.S.A.;-31.732.873;-60.456.294;2019;9
EDUARDO MATEOS SRL;Nafta (premium) de más de 95 Ron;72.15;19/9/2020 10:00;SHELL C.A.P.S.A.;-31.732.873;-60.456.294;2020;9
EDUARDO MATEOS SRL;Nafta (premium) de más de 95 Ron;177.40;22/8/2022 08:00;SHELL C.A.P.S.A.;-31.732.873;-60.456.294;2022;8
EDUARDO MATEOS SRL;Nafta (premium) de más de 95 Ron;28.47;23/10/2017 09:00;SHELL C.A.P.S.A.;-31.732.873;-60.456.294;2017;10
EDUARDO MATEOS SRL;Nafta (premium) de más de 95 Ron;29.68;23/12/2017 15:00;SHELL C.A.P.S.A.;-31.732.873;-60.456.294;2017;12
EDUARDO MATEOS SRL;Nafta (premium) de más de 95 Ron;30.99;24/1/2018 21:00;SHELL C.A.P.S.A.;-31.732.873;-60.456.294;2018;1
EDUARDO MATEOS SRL;Nafta (premium) de más de 95 Ron;77.41;24/11/2020 06:00;SHELL C.A.P.S.A.;-31.732.873;-60.456.294;2020;11
EDUARDO MATEOS SRL;Nafta (premium) de más de 95 Ron;475.00;25/11/2023 12:00;SHELL C.A.P.S.A.;-31.732.873;-60.456.294;2023;11
EDUARDO MATEOS SRL;Nafta (premium) de más de 95 Ron;378.90;26/9/2023 00:40;SHELL C.A.P.S.A.;-31.732.873;-60.456.294;2023;9
EDUARDO MATEOS SRL;Nafta (premium) de más de 95 Ron;395.00;26/10/2023 00:05;SHELL C.A.P.S.A.;-31.732.873;-60.456.294;2023;10
EDUARDO MATEOS SRL;Nafta (premium) de más de 95 Ron;389.10;28/8/2023 23:40;SHELL C.A.P.S.A.;-31.732.873;-60.456.294;2023;8
EDUARDO MATEOS SRL;Nafta (premium) de más de 95 Ron;371.50;29/8/2023 18:00;SHELL C.A.P.S.A.;-31.732.873;-60.456.294;2023;8
EDUARDO MATEOS SRL;Nafta (premium) de más de 95 Ron;53.41;30/3/2019 16:00;SHELL C.A.P.S.A.;-31.732.873;-60.456.294;2019;3
EDUARDO MATEOS SRL;Nafta (premium) de más de 95 Ron;52.98;30/4/2019 17:00;SHELL C.A.P.S.A.;-31.732.873;-60.456.294;2019;4
EDUARDO MATEOS SRL;Nafta (súper) entre 92 y 95 Ron;1246;1/1/2025 00:00;SHELL C.A.P.S.A.;-31.732.873;-60.456.294;2025;1
EDUARDO MATEOS SRL;Nafta (súper) entre 92 y 95 Ron;876.00;1/2/2024 07:00;SHELL C.A.P.S.A.;-31.732.873;-60.456.294;2024;2
EDUARDO MATEOS SRL;Nafta (súper) entre 92 y 95 Ron;1289;1/2/2025 08:00;SHELL C.A.P.S.A.;-31.732.873;-60.456.294;2025;2
EDUARDO MATEOS SRL;Nafta (súper) entre 92 y 95 Ron;43.84;1/3/2019 01:00;SHELL C.A.P.S.A.;-31.732.873;-60.456.294;2019;3
EDUARDO MATEOS SRL;Nafta (súper) entre 92 y 95 Ron;1314;1/3/2025 06:00;SHELL C.A.P.S.A.;-31.732.873;-60.456.294;2025;3
EDUARDO MATEOS SRL;Nafta (súper) entre 92 y 95 Ron;45.74;1/4/2019 19:00;SHELL C.A.P.S.A.;-31.732.873;-60.456.294;2019;4
EDUARDO MATEOS SRL;Nafta (súper) entre 92 y 95 Ron;984;1/4/2024 08:00;SHELL C.A.P.S.A.;-31.732.873;-60.456.294;2024;4
EDUARDO MATEOS SRL;Nafta (súper) entre 92 y 95 Ron;1334;1/4/2025 08:00;SHELL C.A.P.S.A.;-31.732.873;-60.456.294;2025;4
EDUARDO MATEOS SRL;Nafta (súper) entre 92 y 95 Ron;1023;1/5/2024 08:00;SHELL C.A.P.S.A.;-31.732.873;-60.456.294;2024;5
EDUARDO MATEOS SRL;Nafta (súper) entre 92 y 95 Ron;48.23;1/6/2019 08:00;SHELL C.A.P.S.A.;-31.732.873;-60.456.294;2019;6
EDUARDO MATEOS SRL;Nafta (súper) entre 92 y 95 Ron;1067.00;1/6/2024 08:30;SHELL C.A.P.S.A.;-31.732.873;-60.456.294;2024;6
EDUARDO MATEOS SRL;Nafta (súper) entre 92 y 95 Ron;49.44;1/7/2019 18:00;SHELL C.A.P.S.A.;-31.732.873;-60.456.294;2019;7
EDUARDO MATEOS SRL;Nafta (súper) entre 92 y 95 Ron;1099.00;1/7/2024 06:00;SHELL C.A.P.S.A.;-31.732.873;-60.456.294;2024;7
EDUARDO MATEOS SRL;Nafta (súper) entre 92 y 95 Ron;270.30;1/8/2023 00:00;SHELL C.A.P.S.A.;-31.732.873;-60.456.294;2023;8
EDUARDO MATEOS SRL;Nafta (súper) entre 92 y 95 Ron;1131.00;1/8/2024 08:00;SHELL C.A.P.S.A.;-31.732.873;-60.456.294;2024;8
EDUARDO MATEOS SRL;Nafta (súper) entre 92 y 95 Ron;39.41;1/9/2018 00:00;SHELL C.A.P.S.A.;-31.732.873;-60.456.294;2018;9
EDUARDO MATEOS SRL;Nafta (súper) entre 92 y 95 Ron;1174;1/9/2024 04:00;SHELL C.A.P.S.A.;-31.732.873;-60.456.294;2024;9
EDUARDO MATEOS SRL;Nafta (súper) entre 92 y 95 Ron;42.20;1/10/2018 04:00;SHELL C.A.P.S.A.;-31.732.873;-60.456.294;2018;10
EDUARDO MATEOS SRL;Nafta (súper) entre 92 y 95 Ron;156.50;1/10/2022 12:00;SHELL C.A.P.S.A.;-31.732.873;-60.456.294;2022;10
EDUARDO MATEOS SRL;Nafta (súper) entre 92 y 95 Ron;53.98;1/11/2019 06:00;SHELL C.A.P.S.A.;-31.732.873;-60.456.294;2019;11
EDUARDO MATEOS SRL;Nafta (súper) entre 92 y 95 Ron;351.00;1/11/2023 00:00;SHELL C.A.P.S.A.;-31.732.873;-60.456.294;2023;11
EDUARDO MATEOS SRL;Nafta (súper) entre 92 y 95 Ron;1199;1/11/2024 09:00;SHELL C.A.P.S.A.;-31.732.873;-60.456.294;2024;11
EDUARDO MATEOS SRL;Nafta (súper) entre 92 y 95 Ron;174.20;1/12/2022 08:00;SHELL C.A.P.S.A.;-31.732.873;-60.456.294;2022;12
EDUARDO MATEOS SRL;Nafta (súper) entre 92 y 95 Ron;79.75;2/2/2021 10:00;SHELL C.A.P.S.A.;-31.732.873;-60.456.294;2021;2
EDUARDO MATEOS SRL;Nafta (súper) entre 92 y 95 Ron;105.70;2/2/2022 10:00;SHELL C.A.P.S.A.;-31.732.873;-60.456.294;2022;2
EDUARDO MATEOS SRL;Nafta (súper) entre 92 y 95 Ron;948;2/3/2024 08:00;SHELL C.A.P.S.A.;-31.732.873;-60.456.294;2024;3
EDUARDO MATEOS SRL;Nafta (súper) entre 92 y 95 Ron;1323;2/5/2025 10:00;SHELL C.A.P.S.A.;-31.732.873;-60.456.294;2025;5
EDUARDO MATEOS SRL;Nafta (súper) entre 92 y 95 Ron;30.20;2/6/2018 16:00;SHELL C.A.P.S.A.;-31.732.873;-60.456.294;2018;6
EDUARDO MATEOS SRL;Nafta (súper) entre 92 y 95 Ron;1338;2/6/2025 00:00;SHELL C.A.P.S.A.;-31.732.873;-60.456.294;2025;6
EDUARDO MATEOS SRL;Nafta (súper) entre 92 y 95 Ron;22.44;2/7/2017 08:00;SHELL C.A.P.S.A.;-31.732.873;-60.456.294;2017;7
EDUARDO MATEOS SRL;Nafta (súper) entre 92 y 95 Ron;1169;2/10/2024 06:00;SHELL C.A.P.S.A.;-31.732.873;-60.456.294;2024;10
EDUARDO MATEOS SRL;Nafta (súper) entre 92 y 95 Ron;43.88;2/11/2018 15:00;SHELL C.A.P.S.A.;-31.732.873;-60.456.294;2018;11
EDUARDO MATEOS SRL;Nafta (súper) entre 92 y 95 Ron;25.75;2/12/2017 14:20;SHELL C.A.P.S.A.;-31.732.873;-60.456.294;2017;12
EDUARDO MATEOS SRL;Nafta (súper) entre 92 y 95 Ron;59.61;2/12/2019 06:00;SHELL C.A.P.S.A.;-31.732.873;-60.456.294;2019;12
EDUARDO MATEOS SRL;Nafta (súper) entre 92 y 95 Ron;1234;2/12/2024 00:30;SHELL C.A.P.S.A.;-31.732.873;-60.456.294;2024;12
EDUARDO MATEOS SRL;Nafta (súper) entre 92 y 95 Ron;822.00;3/1/2024 00:00;SHELL C.A.P.S.A.;-31.732.873;-60.456.294;2024;1
EDUARDO MATEOS SRL;Nafta (súper) entre 92 y 95 Ron;1257;3/1/2025 10:00;SHELL C.A.P.S.A.;-31.732.873;-60.456.294;2025;1
EDUARDO MATEOS SRL;Nafta (súper) entre 92 y 95 Ron;42.65;3/2/2019 12:00;SHELL C.A.P.S.A.;-31.732.873;-60.456.294;2019;2
EDUARDO MATEOS SRL;Nafta (súper) entre 92 y 95 Ron;32.92;3/7/2018 01:00;SHELL C.A.P.S.A.;-31.732.873;-60.456.294;2018;7
EDUARDO MATEOS SRL;Nafta (súper) entre 92 y 95 Ron;167.50;3/11/2022 11:00;SHELL C.A.P.S.A.;-31.732.873;-60.456.294;2022;11
EDUARDO MATEOS SRL;Nafta (súper) entre 92 y 95 Ron;42.09;4/12/2018 17:00;SHELL C.A.P.S.A.;-31.732.873;-60.456.294;2018;12
EDUARDO MATEOS SRL;Nafta (súper) entre 92 y 95 Ron;73.81;5/1/2021 10:00;SHELL C.A.P.S.A.;-31.732.873;-60.456.294;2021;1
EDUARDO MATEOS SRL;Nafta (súper) entre 92 y 95 Ron;20.91;5/4/2017 11:00;SHELL C.A.P.S.A.;-31.732.873;-60.456.294;2017;4
EDUARDO MATEOS SRL;Nafta (súper) entre 92 y 95 Ron;175.20;5/12/2022 17:15;SHELL C.A.P.S.A.;-31.732.873;-60.456.294;2022;12
EDUARDO MATEOS SRL;Nafta (súper) entre 92 y 95 Ron;892.00;6/2/2024 00:00;SHELL C.A.P.S.A.;-31.732.873;-60.456.294;2024;2
EDUARDO MATEOS SRL;Nafta (súper) entre 92 y 95 Ron;34.90;6/8/2018 09:00;SHELL C.A.P.S.A.;-31.732.873;-60.456.294;2018;8
EDUARDO MATEOS SRL;Nafta (súper) entre 92 y 95 Ron;59.88;6/12/2019 06:00;SHELL C.A.P.S.A.;-31.732.873;-60.456.294;2019;12
EDUARDO MATEOS SRL;Nafta (súper) entre 92 y 95 Ron;27.90;7/2/2018 09:00;SHELL C.A.P.S.A.;-31.732.873;-60.456.294;2018;2
EDUARDO MATEOS SRL;Nafta (súper) entre 92 y 95 Ron;41.81;8/1/2019 17:00;SHELL C.A.P.S.A.;-31.732.873;-60.456.294;2019;1
EDUARDO MATEOS SRL;Nafta (súper) entre 92 y 95 Ron;258.70;8/7/2023 06:00;SHELL C.A.P.S.A.;-31.732.873;-60.456.294;2023;7
EDUARDO MATEOS SRL;Nafta (súper) entre 92 y 95 Ron;467.00;8/12/2023 00:45;SHELL C.A.P.S.A.;-31.732.873;-60.456.294;2023;12
EDUARDO MATEOS SRL;Nafta (súper) entre 92 y 95 Ron;130.20;9/5/2022 09:00;SHELL C.A.P.S.A.;-31.732.873;-60.456.294;2022;5
EDUARDO MATEOS SRL;Nafta (súper) entre 92 y 95 Ron;131.40;9/5/2022 21:00;SHELL C.A.P.S.A.;-31.732.873;-60.456.294;2022;5
EDUARDO MATEOS SRL;Nafta (súper) entre 92 y 95 Ron;471.00;9/12/2023 08:00;SHELL C.A.P.S.A.;-31.732.873;-60.456.294;2023;12
EDUARDO MATEOS SRL;Nafta (súper) entre 92 y 95 Ron;27.78;10/2/2018 15:00;SHELL C.A.P.S.A.;-31.732.873;-60.456.294;2018;2
EDUARDO MATEOS SRL;Nafta (súper) entre 92 y 95 Ron;28.94;10/4/2018 11:00;SHELL C.A.P.S.A.;-31.732.873;-60.456.294;2018;4
EDUARDO MATEOS SRL;Nafta (súper) entre 92 y 95 Ron;20.93;12/1/2017 20:00;SHELL C.A.P.S.A.;-31.732.873;-60.456.294;2017;1
EDUARDO MATEOS SRL;Nafta (súper) entre 92 y 95 Ron;74.52;13/1/2021 15:00;SHELL C.A.P.S.A.;-31.732.873;-60.456.294;2021;1
EDUARDO MATEOS SRL;Nafta (súper) entre 92 y 95 Ron;71.12;13/12/2020 10:00;SHELL C.A.P.S.A.;-31.732.873;-60.456.294;2020;12
EDUARDO MATEOS SRL;Nafta (súper) entre 92 y 95 Ron;646.00;13/12/2023 14:00;SHELL C.A.P.S.A.;-31.732.873;-60.456.294;2023;12
EDUARDO MATEOS SRL;Nafta (súper) entre 92 y 95 Ron;655.00;13/12/2023 15:30;SHELL C.A.P.S.A.;-31.732.873;-60.456.294;2023;12
EDUARDO MATEOS SRL;Nafta (súper) entre 92 y 95 Ron;80.77;14/2/2021 16:00;SHELL C.A.P.S.A.;-31.732.873;-60.456.294;2021;2
EDUARDO MATEOS SRL;Nafta (súper) entre 92 y 95 Ron;192.20;14/2/2023 22:00;SHELL C.A.P.S.A.;-31.732.873;-60.456.294;2023;2
EDUARDO MATEOS SRL;Nafta (súper) entre 92 y 95 Ron;118.30;14/3/2022 09:00;SHELL C.A.P.S.A.;-31.732.873;-60.456.294;2022;3
EDUARDO MATEOS SRL;Nafta (súper) entre 92 y 95 Ron;56.68;14/11/2019 06:00;SHELL C.A.P.S.A.;-31.732.873;-60.456.294;2019;11
EDUARDO MATEOS SRL;Nafta (súper) entre 92 y 95 Ron;184.70;15/1/2023 09:30;SHELL C.A.P.S.A.;-31.732.873;-60.456.294;2023;1
EDUARDO MATEOS SRL;Nafta (súper) entre 92 y 95 Ron;201.90;15/3/2023 00:00;SHELL C.A.P.S.A.;-31.732.873;-60.456.294;2023;3
EDUARDO MATEOS SRL;Nafta (súper) entre 92 y 95 Ron;27.26;16/1/2018 08:00;SHELL C.A.P.S.A.;-31.732.873;-60.456.294;2018;1
EDUARDO MATEOS SRL;Nafta (súper) entre 92 y 95 Ron;78.91;16/1/2021 12:00;SHELL C.A.P.S.A.;-31.732.873;-60.456.294;2021;1
EDUARDO MATEOS SRL;Nafta (súper) entre 92 y 95 Ron;86.70;16/3/2021 10:00;SHELL C.A.P.S.A.;-31.732.873;-60.456.294;2021;3
EDUARDO MATEOS SRL;Nafta (súper) entre 92 y 95 Ron;306.80;16/8/2023 00:00;SHELL C.A.P.S.A.;-31.732.873;-60.456.294;2023;8
EDUARDO MATEOS SRL;Nafta (súper) entre 92 y 95 Ron;66.14;16/10/2020 12:00;SHELL C.A.P.S.A.;-31.732.873;-60.456.294;2020;10
EDUARDO MATEOS SRL;Nafta (súper) entre 92 y 95 Ron;659.00;16/12/2023 03:30;SHELL C.A.P.S.A.;-31.732.873;-60.456.294;2023;12
EDUARDO MATEOS SRL;Nafta (súper) entre 92 y 95 Ron;194.50;17/2/2023 10:00;SHELL C.A.P.S.A.;-31.732.873;-60.456.294;2023;2
EDUARDO MATEOS SRL;Nafta (súper) entre 92 y 95 Ron;206.20;17/3/2023 01:00;SHELL C.A.P.S.A.;-31.732.873;-60.456.294;2023;3
EDUARDO MATEOS SRL;Nafta (súper) entre 92 y 95 Ron;91.90;17/4/2021 11:00;SHELL C.A.P.S.A.;-31.732.873;-60.456.294;2021;4
EDUARDO MATEOS SRL;Nafta (súper) entre 92 y 95 Ron;219.60;17/4/2023 00:00;SHELL C.A.P.S.A.;-31.732.873;-60.456.294;2023;4
EDUARDO MATEOS SRL;Nafta (súper) entre 92 y 95 Ron;96.90;17/5/2021 08:00;SHELL C.A.P.S.A.;-31.732.873;-60.456.294;2021;5
EDUARDO MATEOS SRL;Nafta (súper) entre 92 y 95 Ron;228.40;17/5/2023 08:10;SHELL C.A.P.S.A.;-31.732.873;-60.456.294;2023;5
EDUARDO MATEOS SRL;Nafta (súper) entre 92 y 95 Ron;244.20;17/6/2023 08:30;SHELL C.A.P.S.A.;-31.732.873;-60.456.294;2023;6
EDUARDO MATEOS SRL;Nafta (súper) entre 92 y 95 Ron;42.92;17/11/2018 17:00;SHELL C.A.P.S.A.;-31.732.873;-60.456.294;2018;11
EDUARDO MATEOS SRL;Nafta (súper) entre 92 y 95 Ron;230.30;18/5/2023 08:00;SHELL C.A.P.S.A.;-31.732.873;-60.456.294;2023;5
EDUARDO MATEOS SRL;Nafta (súper) entre 92 y 95 Ron;28.76;19/4/2018 06:00;SHELL C.A.P.S.A.;-31.732.873;-60.456.294;2018;4
EDUARDO MATEOS SRL;Nafta (súper) entre 92 y 95 Ron;62.73;19/8/2020 09:00;SHELL C.A.P.S.A.;-31.732.873;-60.456.294;2020;8
EDUARDO MATEOS SRL;Nafta (súper) entre 92 y 95 Ron;51.42;19/9/2019 06:00;SHELL C.A.P.S.A.;-31.732.873;-60.456.294;2019;9
EDUARDO MATEOS SRL;Nafta (súper) entre 92 y 95 Ron;63.79;19/9/2020 10:00;SHELL C.A.P.S.A.;-31.732.873;-60.456.294;2020;9
EDUARDO MATEOS SRL;Nafta (súper) entre 92 y 95 Ron;247.60;22/6/2023 06:00;SHELL C.A.P.S.A.;-31.732.873;-60.456.294;2023;6
EDUARDO MATEOS SRL;Nafta (súper) entre 92 y 95 Ron;146.90;22/8/2022 08:00;SHELL C.A.P.S.A.;-31.732.873;-60.456.294;2022;8
EDUARDO MATEOS SRL;Nafta (súper) entre 92 y 95 Ron;24.66;23/10/2017 09:00;SHELL C.A.P.S.A.;-31.732.873;-60.456.294;2017;10
EDUARDO MATEOS SRL;Nafta (súper) entre 92 y 95 Ron;26.92;24/1/2018 21:00;SHELL C.A.P.S.A.;-31.732.873;-60.456.294;2018;1
EDUARDO MATEOS SRL;Nafta (súper) entre 92 y 95 Ron;68.45;24/11/2020 06:00;SHELL C.A.P.S.A.;-31.732.873;-60.456.294;2020;11
EDUARDO MATEOS SRL;Nafta (súper) entre 92 y 95 Ron;396.00;25/11/2023 12:00;SHELL C.A.P.S.A.;-31.732.873;-60.456.294;2023;11
EDUARDO MATEOS SRL;Nafta (súper) entre 92 y 95 Ron;312.90;26/9/2023 00:40;SHELL C.A.P.S.A.;-31.732.873;-60.456.294;2023;9
EDUARDO MATEOS SRL;Nafta (súper) entre 92 y 95 Ron;326.00;26/10/2023 00:05;SHELL C.A.P.S.A.;-31.732.873;-60.456.294;2023;10
EDUARDO MATEOS SRL;Nafta (súper) entre 92 y 95 Ron;320.89;28/8/2023 23:40;SHELL C.A.P.S.A.;-31.732.873;-60.456.294;2023;8
EDUARDO MATEOS SRL;Nafta (súper) entre 92 y 95 Ron;47.98;30/3/2019 16:00;SHELL C.A.P.S.A.;-31.732.873;-60.456.294;2019;3
EDUARDO MATEOS SRL;Nafta (súper) entre 92 y 95 Ron;47.52;30/4/2019 17:00;SHELL C.A.P.S.A.;-31.732.873;-60.456.294;2019;4
EDUARDO MATEOS SRL;Nafta (súper) entre 92 y 95 Ron;306.80;30/8/2023 18:00;SHELL C.A.P.S.A.;-31.732.873;-60.456.294;2023;8
EDUARDO MATEOS SRL;Gas Oil Grado 2;1295;1/1/2025 00:00;SHELL C.A.P.S.A.;-31.737.744;-60.526.945;2025;1
EDUARDO MATEOS SRL;Gas Oil Grado 2;953.00;1/2/2024 07:00;SHELL C.A.P.S.A.;-31.737.744;-60.526.945;2024;2
EDUARDO MATEOS SRL;Gas Oil Grado 2;1341;1/2/2025 08:00;SHELL C.A.P.S.A.;-31.737.744;-60.526.945;2025;2
EDUARDO MATEOS SRL;Gas Oil Grado 2;40.86;1/3/2019 01:00;SHELL C.A.P.S.A.;-31.737.744;-60.526.945;2019;3
EDUARDO MATEOS SRL;Gas Oil Grado 2;1367;1/3/2025 06:00;SHELL C.A.P.S.A.;-31.737.744;-60.526.945;2025;3
EDUARDO MATEOS SRL;Gas Oil Grado 2;42.65;1/4/2019 19:00;SHELL C.A.P.S.A.;-31.737.744;-60.526.945;2019;4
EDUARDO MATEOS SRL;Gas Oil Grado 2;1063;1/4/2024 08:00;SHELL C.A.P.S.A.;-31.737.744;-60.526.945;2024;4
EDUARDO MATEOS SRL;Gas Oil Grado 2;1387;1/4/2025 08:00;SHELL C.A.P.S.A.;-31.737.744;-60.526.945;2025;4
EDUARDO MATEOS SRL;Gas Oil Grado 2;1106;1/5/2024 08:00;SHELL C.A.P.S.A.;-31.737.744;-60.526.945;2024;5
EDUARDO MATEOS SRL;Gas Oil Grado 2;45.50;1/6/2019 08:00;SHELL C.A.P.S.A.;-31.737.744;-60.526.945;2019;6
EDUARDO MATEOS SRL;Gas Oil Grado 2;1140;1/6/2024 08:30;SHELL C.A.P.S.A.;-31.737.744;-60.526.945;2024;6
EDUARDO MATEOS SRL;Gas Oil Grado 2;46.30;1/7/2019 18:00;SHELL C.A.P.S.A.;-31.737.744;-60.526.945;2019;7
EDUARDO MATEOS SRL;Gas Oil Grado 2;1174.00;1/7/2024 06:00;SHELL C.A.P.S.A.;-31.737.744;-60.526.945;2024;7
EDUARDO MATEOS SRL;Gas Oil Grado 2;306.40;1/8/2023 00:00;SHELL C.A.P.S.A.;-31.737.744;-60.526.945;2023;8
EDUARDO MATEOS SRL;Gas Oil Grado 2;1208.00;1/8/2024 08:00;SHELL C.A.P.S.A.;-31.737.744;-60.526.945;2024;8
EDUARDO MATEOS SRL;Gas Oil Grado 2;34.70;1/9/2018 00:00;SHELL C.A.P.S.A.;-31.737.744;-60.526.945;2018;9
EDUARDO MATEOS SRL;Gas Oil Grado 2;1233;1/9/2024 04:00;SHELL C.A.P.S.A.;-31.737.744;-60.526.945;2024;9
EDUARDO MATEOS SRL;Gas Oil Grado 2;37.35;1/10/2018 04:00;SHELL C.A.P.S.A.;-31.737.744;-60.526.945;2018;10
EDUARDO MATEOS SRL;Gas Oil Grado 2;182.20;1/10/2022 12:00;SHELL C.A.P.S.A.;-31.737.744;-60.526.945;2022;10
EDUARDO MATEOS SRL;Gas Oil Grado 2;50.55;1/11/2019 06:00;SHELL C.A.P.S.A.;-31.737.744;-60.526.945;2019;11
EDUARDO MATEOS SRL;Gas Oil Grado 2;394.00;1/11/2023 00:00;SHELL C.A.P.S.A.;-31.737.744;-60.526.945;2023;11
EDUARDO MATEOS SRL;Gas Oil Grado 2;1251;1/11/2024 09:00;SHELL C.A.P.S.A.;-31.737.744;-60.526.945;2024;11
EDUARDO MATEOS SRL;Gas Oil Grado 2;206.60;1/12/2022 08:00;SHELL C.A.P.S.A.;-31.737.744;-60.526.945;2022;12
EDUARDO MATEOS SRL;Gas Oil Grado 2;76.57;2/2/2021 10:00;SHELL C.A.P.S.A.;-31.737.744;-60.526.945;2021;2
EDUARDO MATEOS SRL;Gas Oil Grado 2;100.70;2/2/2022 10:00;SHELL C.A.P.S.A.;-31.737.744;-60.526.945;2022;2
EDUARDO MATEOS SRL;Gas Oil Grado 2;1019;2/3/2024 08:00;SHELL C.A.P.S.A.;-31.737.744;-60.526.945;2024;3
EDUARDO MATEOS SRL;Gas Oil Grado 2;1366;2/5/2025 10:00;SHELL C.A.P.S.A.;-31.737.744;-60.526.945;2025;5
EDUARDO MATEOS SRL;Gas Oil Grado 2;25.64;2/6/2018 16:00;SHELL C.A.P.S.A.;-31.737.744;-60.526.945;2018;6
EDUARDO MATEOS SRL;Gas Oil Grado 2;1342;2/6/2025 00:00;SHELL C.A.P.S.A.;-31.737.744;-60.526.945;2025;6
EDUARDO MATEOS SRL;Gas Oil Grado 2;1380;2/6/2025 11:00;SHELL C.A.P.S.A.;-31.737.744;-60.526.945;2025;6
EDUARDO MATEOS SRL;Gas Oil Grado 2;19.63;2/7/2017 08:00;SHELL C.A.P.S.A.;-31.737.744;-60.526.945;2017;7
EDUARDO MATEOS SRL;Gas Oil Grado 2;1217;2/10/2024 06:00;SHELL C.A.P.S.A.;-31.737.744;-60.526.945;2024;10
EDUARDO MATEOS SRL;Gas Oil Grado 2;39.59;2/11/2018 15:00;SHELL C.A.P.S.A.;-31.737.744;-60.526.945;2018;11
EDUARDO MATEOS SRL;Gas Oil Grado 2;22.68;2/12/2017 15:00;SHELL C.A.P.S.A.;-31.737.744;-60.526.945;2017;12
EDUARDO MATEOS SRL;Gas Oil Grado 2;56.37;2/12/2019 06:00;SHELL C.A.P.S.A.;-31.737.744;-60.526.945;2019;12
EDUARDO MATEOS SRL;Gas Oil Grado 2;1285;2/12/2024 00:30;SHELL C.A.P.S.A.;-31.737.744;-60.526.945;2024;12
EDUARDO MATEOS SRL;Gas Oil Grado 2;899.00;3/1/2024 00:00;SHELL C.A.P.S.A.;-31.737.744;-60.526.945;2024;1
EDUARDO MATEOS SRL;Gas Oil Grado 2;1310;3/1/2025 10:00;SHELL C.A.P.S.A.;-31.737.744;-60.526.945;2025;1
EDUARDO MATEOS SRL;Gas Oil Grado 2;39.75;3/2/2019 12:00;SHELL C.A.P.S.A.;-31.737.744;-60.526.945;2019;2
EDUARDO MATEOS SRL;Gas Oil Grado 2;28.08;3/7/2018 01:00;SHELL C.A.P.S.A.;-31.737.744;-60.526.945;2018;7
EDUARDO MATEOS SRL;Gas Oil Grado 2;198.60;3/11/2022 11:00;SHELL C.A.P.S.A.;-31.737.744;-60.526.945;2022;11
EDUARDO MATEOS SRL;Gas Oil Grado 2;39.01;4/12/2018 10:00;SHELL C.A.P.S.A.;-31.737.744;-60.526.945;2018;12
EDUARDO MATEOS SRL;Gas Oil Grado 2;69.13;5/1/2021 14:00;SHELL C.A.P.S.A.;-31.737.744;-60.526.945;2021;1
EDUARDO MATEOS SRL;Gas Oil Grado 2;56.38;5/3/2020 08:00;SHELL C.A.P.S.A.;-31.737.744;-60.526.945;2020;3
EDUARDO MATEOS SRL;Gas Oil Grado 2;18.59;5/4/2017 06:00;SHELL C.A.P.S.A.;-31.737.744;-60.526.945;2017;4
EDUARDO MATEOS SRL;Gas Oil Grado 2;207.60;5/12/2022 18:20;SHELL C.A.P.S.A.;-31.737.744;-60.526.945;2022;12
EDUARDO MATEOS SRL;Gas Oil Grado 2;955.00;6/2/2024 00:00;SHELL C.A.P.S.A.;-31.737.744;-60.526.945;2024;2
EDUARDO MATEOS SRL;Gas Oil Grado 2;30.30;6/8/2018 09:00;SHELL C.A.P.S.A.;-31.737.744;-60.526.945;2018;8
EDUARDO MATEOS SRL;Gas Oil Grado 2;24.62;7/2/2018 09:00;SHELL C.A.P.S.A.;-31.737.744;-60.526.945;2018;2
EDUARDO MATEOS SRL;Gas Oil Grado 2;29.30;7/7/2018 23:00;SHELL C.A.P.S.A.;-31.737.744;-60.526.945;2018;7
EDUARDO MATEOS SRL;Gas Oil Grado 2;38.59;8/1/2019 11:00;SHELL C.A.P.S.A.;-31.737.744;-60.526.945;2019;1
EDUARDO MATEOS SRL;Gas Oil Grado 2;510.00;8/12/2023 00:45;SHELL C.A.P.S.A.;-31.737.744;-60.526.945;2023;12
EDUARDO MATEOS SRL;Gas Oil Grado 2;125.30;9/5/2022 09:00;SHELL C.A.P.S.A.;-31.737.744;-60.526.945;2022;5
EDUARDO MATEOS SRL;Gas Oil Grado 2;128.70;9/5/2022 21:00;SHELL C.A.P.S.A.;-31.737.744;-60.526.945;2022;5
EDUARDO MATEOS SRL;Gas Oil Grado 2;525.00;9/12/2023 08:00;SHELL C.A.P.S.A.;-31.737.744;-60.526.945;2023;12
EDUARDO MATEOS SRL;Gas Oil Grado 2;23.88;10/2/2018 08:30;SHELL C.A.P.S.A.;-31.737.744;-60.526.945;2018;2
EDUARDO MATEOS SRL;Gas Oil Grado 2;25.22;10/4/2018 11:00;SHELL C.A.P.S.A.;-31.737.744;-60.526.945;2018;4
EDUARDO MATEOS SRL;Gas Oil Grado 2;293.20;11/7/2023 06:00;SHELL C.A.P.S.A.;-31.737.744;-60.526.945;2023;7
EDUARDO MATEOS SRL;Gas Oil Grado 2;35.50;11/9/2018 10:00;SHELL C.A.P.S.A.;-31.737.744;-60.526.945;2018;9
EDUARDO MATEOS SRL;Gas Oil Grado 2;18.99;12/1/2017 20:00;SHELL C.A.P.S.A.;-31.737.744;-60.526.945;2017;1
EDUARDO MATEOS SRL;Gas Oil Grado 2;69.86;13/1/2021 15:00;SHELL C.A.P.S.A.;-31.737.744;-60.526.945;2021;1
EDUARDO MATEOS SRL;Gas Oil Grado 2;66.93;13/12/2020 10:00;SHELL C.A.P.S.A.;-31.737.744;-60.526.945;2020;12
EDUARDO MATEOS SRL;Gas Oil Grado 2;720.00;13/12/2023 14:00;SHELL C.A.P.S.A.;-31.737.744;-60.526.945;2023;12
EDUARDO MATEOS SRL;Gas Oil Grado 2;730.00;13/12/2023 15:30;SHELL C.A.P.S.A.;-31.737.744;-60.526.945;2023;12
EDUARDO MATEOS SRL;Gas Oil Grado 2;77.31;14/2/2021 16:00;SHELL C.A.P.S.A.;-31.737.744;-60.526.945;2021;2
EDUARDO MATEOS SRL;Gas Oil Grado 2;226.60;14/2/2023 22:00;SHELL C.A.P.S.A.;-31.737.744;-60.526.945;2023;2
EDUARDO MATEOS SRL;Gas Oil Grado 2;113.90;14/3/2022 09:00;SHELL C.A.P.S.A.;-31.737.744;-60.526.945;2022;3
EDUARDO MATEOS SRL;Gas Oil Grado 2;38.57;14/11/2018 16:00;SHELL C.A.P.S.A.;-31.737.744;-60.526.945;2018;11
EDUARDO MATEOS SRL;Gas Oil Grado 2;53.08;14/11/2019 06:00;SHELL C.A.P.S.A.;-31.737.744;-60.526.945;2019;11
EDUARDO MATEOS SRL;Gas Oil Grado 2;217.90;15/1/2023 09:32;SHELL C.A.P.S.A.;-31.737.744;-60.526.945;2023;1
EDUARDO MATEOS SRL;Gas Oil Grado 2;238.50;15/3/2023 00:00;SHELL C.A.P.S.A.;-31.737.744;-60.526.945;2023;3
EDUARDO MATEOS SRL;Gas Oil Grado 2;23.75;16/1/2018 08:00;SHELL C.A.P.S.A.;-31.737.744;-60.526.945;2018;1
EDUARDO MATEOS SRL;Gas Oil Grado 2;73.98;16/1/2021 10:00;SHELL C.A.P.S.A.;-31.737.744;-60.526.945;2021;1
EDUARDO MATEOS SRL;Gas Oil Grado 2;82.90;16/3/2021 10:00;SHELL C.A.P.S.A.;-31.737.744;-60.526.945;2021;3
EDUARDO MATEOS SRL;Gas Oil Grado 2;344.70;16/8/2023 00:00;SHELL C.A.P.S.A.;-31.737.744;-60.526.945;2023;8
EDUARDO MATEOS SRL;Gas Oil Grado 2;62.20;16/10/2020 12:00;SHELL C.A.P.S.A.;-31.737.744;-60.526.945;2020;10
EDUARDO MATEOS SRL;Gas Oil Grado 2;721.00;16/12/2023 03:30;SHELL C.A.P.S.A.;-31.737.744;-60.526.945;2023;12
EDUARDO MATEOS SRL;Gas Oil Grado 2;229.80;17/2/2023 10:00;SHELL C.A.P.S.A.;-31.737.744;-60.526.945;2023;2
EDUARDO MATEOS SRL;Gas Oil Grado 2;239.70;17/3/2023 01:00;SHELL C.A.P.S.A.;-31.737.744;-60.526.945;2023;3
EDUARDO MATEOS SRL;Gas Oil Grado 2;87.80;17/4/2021 11:00;SHELL C.A.P.S.A.;-31.737.744;-60.526.945;2021;4
EDUARDO MATEOS SRL;Gas Oil Grado 2;252.20;17/4/2023 00:00;SHELL C.A.P.S.A.;-31.737.744;-60.526.945;2023;4
EDUARDO MATEOS SRL;Gas Oil Grado 2;92.40;17/5/2021 08:00;SHELL C.A.P.S.A.;-31.737.744;-60.526.945;2021;5
EDUARDO MATEOS SRL;Gas Oil Grado 2;262.30;17/5/2023 08:00;SHELL C.A.P.S.A.;-31.737.744;-60.526.945;2023;5
EDUARDO MATEOS SRL;Gas Oil Grado 2;163.60;17/6/2022 15:00;SHELL C.A.P.S.A.;-31.737.744;-60.526.945;2022;6
EDUARDO MATEOS SRL;Gas Oil Grado 2;280.50;17/6/2023 08:30;SHELL C.A.P.S.A.;-31.737.744;-60.526.945;2023;6
EDUARDO MATEOS SRL;Gas Oil Grado 2;264.50;18/5/2023 08:00;SHELL C.A.P.S.A.;-31.737.744;-60.526.945;2023;5
EDUARDO MATEOS SRL;Gas Oil Grado 2;24.54;19/4/2018 06:00;SHELL C.A.P.S.A.;-31.737.744;-60.526.945;2018;4
EDUARDO MATEOS SRL;Gas Oil Grado 2;58.78;19/8/2020 09:00;SHELL C.A.P.S.A.;-31.737.744;-60.526.945;2020;8
EDUARDO MATEOS SRL;Gas Oil Grado 2;48.15;19/9/2019 06:00;SHELL C.A.P.S.A.;-31.737.744;-60.526.945;2019;9
EDUARDO MATEOS SRL;Gas Oil Grado 2;59.99;19/9/2020 10:00;SHELL C.A.P.S.A.;-31.737.744;-60.526.945;2020;9
EDUARDO MATEOS SRL;Gas Oil Grado 2;168.70;22/8/2022 08:00;SHELL C.A.P.S.A.;-31.737.744;-60.526.945;2022;8
EDUARDO MATEOS SRL;Gas Oil Grado 2;21.40;23/10/2017 09:00;SHELL C.A.P.S.A.;-31.737.744;-60.526.945;2017;10
EDUARDO MATEOS SRL;Gas Oil Grado 2;22.41;23/12/2017 15:00;SHELL C.A.P.S.A.;-31.737.744;-60.526.945;2017;12
EDUARDO MATEOS SRL;Gas Oil Grado 2;64.43;24/11/2020 06:00;SHELL C.A.P.S.A.;-31.737.744;-60.526.945;2020;11
EDUARDO MATEOS SRL;Gas Oil Grado 2;437.00;25/11/2023 12:00;SHELL C.A.P.S.A.;-31.737.744;-60.526.945;2023;11
EDUARDO MATEOS SRL;Gas Oil Grado 2;351.60;26/9/2023 00:40;SHELL C.A.P.S.A.;-31.737.744;-60.526.945;2023;9
EDUARDO MATEOS SRL;Gas Oil Grado 2;366.00;26/10/2023 00:05;SHELL C.A.P.S.A.;-31.737.744;-60.526.945;2023;10
EDUARDO MATEOS SRL;Gas Oil Grado 2;44.74;30/3/2019 16:00;SHELL C.A.P.S.A.;-31.737.744;-60.526.945;2019;3
EDUARDO MATEOS SRL;Gas Oil Grado 2;44.74;30/4/2019 15:00;SHELL C.A.P.S.A.;-31.737.744;-60.526.945;2019;4
EDUARDO MATEOS SRL;Gas Oil Grado 3;1528;1/1/2025 00:00;SHELL C.A.P.S.A.;-31.737.744;-60.526.945;2025;1
EDUARDO MATEOS SRL;Gas Oil Grado 3;1126.00;1/2/2024 07:00;SHELL C.A.P.S.A.;-31.737.744;-60.526.945;2024;2
EDUARDO MATEOS SRL;Gas Oil Grado 3;1580;1/2/2025 08:00;SHELL C.A.P.S.A.;-31.737.744;-60.526.945;2025;2
EDUARDO MATEOS SRL;Gas Oil Grado 3;48.53;1/3/2019 01:00;SHELL C.A.P.S.A.;-31.737.744;-60.526.945;2019;3
EDUARDO MATEOS SRL;Gas Oil Grado 3;1599;1/3/2025 06:00;SHELL C.A.P.S.A.;-31.737.744;-60.526.945;2025;3
EDUARDO MATEOS SRL;Gas Oil Grado 3;50.51;1/4/2019 19:00;SHELL C.A.P.S.A.;-31.737.744;-60.526.945;2019;4
EDUARDO MATEOS SRL;Gas Oil Grado 3;1267;1/4/2024 08:00;SHELL C.A.P.S.A.;-31.737.744;-60.526.945;2024;4
EDUARDO MATEOS SRL;Gas Oil Grado 3;1628;1/4/2025 08:00;SHELL C.A.P.S.A.;-31.737.744;-60.526.945;2025;4
EDUARDO MATEOS SRL;Gas Oil Grado 3;1317;1/5/2024 08:00;SHELL C.A.P.S.A.;-31.737.744;-60.526.945;2024;5
EDUARDO MATEOS SRL;Gas Oil Grado 3;53.15;1/6/2019 08:00;SHELL C.A.P.S.A.;-31.737.744;-60.526.945;2019;6
EDUARDO MATEOS SRL;Gas Oil Grado 3;1351;1/6/2024 08:30;SHELL C.A.P.S.A.;-31.737.744;-60.526.945;2024;6
EDUARDO MATEOS SRL;Gas Oil Grado 3;53.98;1/7/2019 18:00;SHELL C.A.P.S.A.;-31.737.744;-60.526.945;2019;7
EDUARDO MATEOS SRL;Gas Oil Grado 3;1392.00;1/7/2024 06:00;SHELL C.A.P.S.A.;-31.737.744;-60.526.945;2024;7
EDUARDO MATEOS SRL;Gas Oil Grado 3;370.50;1/8/2023 00:00;SHELL C.A.P.S.A.;-31.737.744;-60.526.945;2023;8
EDUARDO MATEOS SRL;Gas Oil Grado 3;1433.00;1/8/2024 08:00;SHELL C.A.P.S.A.;-31.737.744;-60.526.945;2024;8
EDUARDO MATEOS SRL;Gas Oil Grado 3;41.64;1/9/2018 00:00;SHELL C.A.P.S.A.;-31.737.744;-60.526.945;2018;9
EDUARDO MATEOS SRL;Gas Oil Grado 3;1457;1/9/2024 04:00;SHELL C.A.P.S.A.;-31.737.744;-60.526.945;2024;9
EDUARDO MATEOS SRL;Gas Oil Grado 3;44.81;1/10/2018 04:00;SHELL C.A.P.S.A.;-31.737.744;-60.526.945;2018;10
EDUARDO MATEOS SRL;Gas Oil Grado 3;231.70;1/10/2022 12:00;SHELL C.A.P.S.A.;-31.737.744;-60.526.945;2022;10
EDUARDO MATEOS SRL;Gas Oil Grado 3;58.94;1/11/2019 06:00;SHELL C.A.P.S.A.;-31.737.744;-60.526.945;2019;11
EDUARDO MATEOS SRL;Gas Oil Grado 3;478.00;1/11/2023 00:00;SHELL C.A.P.S.A.;-31.737.744;-60.526.945;2023;11
EDUARDO MATEOS SRL;Gas Oil Grado 3;1479;1/11/2024 09:00;SHELL C.A.P.S.A.;-31.737.744;-60.526.945;2024;11
EDUARDO MATEOS SRL;Gas Oil Grado 3;263.90;1/12/2022 08:00;SHELL C.A.P.S.A.;-31.737.744;-60.526.945;2022;12
EDUARDO MATEOS SRL;Gas Oil Grado 3;90.88;2/2/2021 10:00;SHELL C.A.P.S.A.;-31.737.744;-60.526.945;2021;2
EDUARDO MATEOS SRL;Gas Oil Grado 3;124.80;2/2/2022 10:00;SHELL C.A.P.S.A.;-31.737.744;-60.526.945;2022;2
EDUARDO MATEOS SRL;Gas Oil Grado 3;1213;2/3/2024 08:00;SHELL C.A.P.S.A.;-31.737.744;-60.526.945;2024;3
EDUARDO MATEOS SRL;Gas Oil Grado 3;1565;2/5/2025 10:00;SHELL C.A.P.S.A.;-31.737.744;-60.526.945;2025;5
EDUARDO MATEOS SRL;Gas Oil Grado 3;30.15;2/6/2018 16:00;SHELL C.A.P.S.A.;-31.737.744;-60.526.945;2018;6
EDUARDO MATEOS SRL;Gas Oil Grado 3;1580;2/6/2025 00:00;SHELL C.A.P.S.A.;-31.737.744;-60.526.945;2025;6
EDUARDO MATEOS SRL;Gas Oil Grado 3;22.59;2/7/2017 08:00;SHELL C.A.P.S.A.;-31.737.744;-60.526.945;2017;7
EDUARDO MATEOS SRL;Gas Oil Grado 3;1439;2/10/2024 06:00;SHELL C.A.P.S.A.;-31.737.744;-60.526.945;2024;10
EDUARDO MATEOS SRL;Gas Oil Grado 3;47.04;2/11/2018 15:00;SHELL C.A.P.S.A.;-31.737.744;-60.526.945;2018;11
EDUARDO MATEOS SRL;Gas Oil Grado 3;26.30;2/12/2017 15:00;SHELL C.A.P.S.A.;-31.737.744;-60.526.945;2017;12
EDUARDO MATEOS SRL;Gas Oil Grado 3;65.47;2/12/2019 06:00;SHELL C.A.P.S.A.;-31.737.744;-60.526.945;2019;12
EDUARDO MATEOS SRL;Gas Oil Grado 3;1518;2/12/2024 00:30;SHELL C.A.P.S.A.;-31.737.744;-60.526.945;2024;12
EDUARDO MATEOS SRL;Gas Oil Grado 3;1058.00;3/1/2024 00:00;SHELL C.A.P.S.A.;-31.737.744;-60.526.945;2024;1
EDUARDO MATEOS SRL;Gas Oil Grado 3;1547;3/1/2025 10:00;SHELL C.A.P.S.A.;-31.737.744;-60.526.945;2025;1
EDUARDO MATEOS SRL;Gas Oil Grado 3;47.78;3/2/2019 12:00;SHELL C.A.P.S.A.;-31.737.744;-60.526.945;2019;2
EDUARDO MATEOS SRL;Gas Oil Grado 3;33.77;3/7/2018 01:00;SHELL C.A.P.S.A.;-31.737.744;-60.526.945;2018;7
EDUARDO MATEOS SRL;Gas Oil Grado 3;253.80;3/11/2022 11:00;SHELL C.A.P.S.A.;-31.737.744;-60.526.945;2022;11
EDUARDO MATEOS SRL;Gas Oil Grado 3;46.85;4/12/2018 10:00;SHELL C.A.P.S.A.;-31.737.744;-60.526.945;2018;12
EDUARDO MATEOS SRL;Gas Oil Grado 3;82.72;5/1/2021 14:00;SHELL C.A.P.S.A.;-31.737.744;-60.526.945;2021;1
EDUARDO MATEOS SRL;Gas Oil Grado 3;21.39;5/4/2017 06:00;SHELL C.A.P.S.A.;-31.737.744;-60.526.945;2017;4
EDUARDO MATEOS SRL;Gas Oil Grado 3;268.70;5/12/2022 18:20;SHELL C.A.P.S.A.;-31.737.744;-60.526.945;2022;12
EDUARDO MATEOS SRL;Gas Oil Grado 3;1128.00;6/2/2024 00:00;SHELL C.A.P.S.A.;-31.737.744;-60.526.945;2024;2
EDUARDO MATEOS SRL;Gas Oil Grado 3;36.14;6/8/2018 09:00;SHELL C.A.P.S.A.;-31.737.744;-60.526.945;2018;8
EDUARDO MATEOS SRL;Gas Oil Grado 3;65.77;6/12/2019 06:00;SHELL C.A.P.S.A.;-31.737.744;-60.526.945;2019;12
EDUARDO MATEOS SRL;Gas Oil Grado 3;28.49;7/2/2018 09:00;SHELL C.A.P.S.A.;-31.737.744;-60.526.945;2018;2
EDUARDO MATEOS SRL;Gas Oil Grado 3;47.21;8/2/2019 16:00;SHELL C.A.P.S.A.;-31.737.744;-60.526.945;2019;2
EDUARDO MATEOS SRL;Gas Oil Grado 3;598.00;8/12/2023 00:45;SHELL C.A.P.S.A.;-31.737.744;-60.526.945;2023;12
EDUARDO MATEOS SRL;Gas Oil Grado 3;157.80;9/5/2022 09:00;SHELL C.A.P.S.A.;-31.737.744;-60.526.945;2022;5
EDUARDO MATEOS SRL;Gas Oil Grado 3;163.90;9/5/2022 21:00;SHELL C.A.P.S.A.;-31.737.744;-60.526.945;2022;5
EDUARDO MATEOS SRL;Gas Oil Grado 3;608.00;9/12/2023 08:00;SHELL C.A.P.S.A.;-31.737.744;-60.526.945;2023;12
EDUARDO MATEOS SRL;Gas Oil Grado 3;28.22;10/2/2018 08:30;SHELL C.A.P.S.A.;-31.737.744;-60.526.945;2018;2
EDUARDO MATEOS SRL;Gas Oil Grado 3;29.67;10/4/2018 11:00;SHELL C.A.P.S.A.;-31.737.744;-60.526.945;2018;4
EDUARDO MATEOS SRL;Gas Oil Grado 3;354.50;11/7/2023 06:00;SHELL C.A.P.S.A.;-31.737.744;-60.526.945;2023;7
EDUARDO MATEOS SRL;Gas Oil Grado 3;42.60;11/9/2018 10:00;SHELL C.A.P.S.A.;-31.737.744;-60.526.945;2018;9
EDUARDO MATEOS SRL;Gas Oil Grado 3;21.84;12/1/2017 20:00;SHELL C.A.P.S.A.;-31.737.744;-60.526.945;2017;1
EDUARDO MATEOS SRL;Gas Oil Grado 3;83.94;13/1/2021 15:00;SHELL C.A.P.S.A.;-31.737.744;-60.526.945;2021;1
EDUARDO MATEOS SRL;Gas Oil Grado 3;79.56;13/12/2020 10:00;SHELL C.A.P.S.A.;-31.737.744;-60.526.945;2020;12
EDUARDO MATEOS SRL;Gas Oil Grado 3;833.00;13/12/2023 14:00;SHELL C.A.P.S.A.;-31.737.744;-60.526.945;2023;12
EDUARDO MATEOS SRL;Gas Oil Grado 3;846.00;13/12/2023 15:30;SHELL C.A.P.S.A.;-31.737.744;-60.526.945;2023;12
EDUARDO MATEOS SRL;Gas Oil Grado 3;91.90;14/2/2021 16:00;SHELL C.A.P.S.A.;-31.737.744;-60.526.945;2021;2
EDUARDO MATEOS SRL;Gas Oil Grado 3;295.90;14/2/2023 22:00;SHELL C.A.P.S.A.;-31.737.744;-60.526.945;2023;2
EDUARDO MATEOS SRL;Gas Oil Grado 3;142.20;14/3/2022 09:00;SHELL C.A.P.S.A.;-31.737.744;-60.526.945;2022;3
EDUARDO MATEOS SRL;Gas Oil Grado 3;45.93;14/11/2018 16:00;SHELL C.A.P.S.A.;-31.737.744;-60.526.945;2018;11
EDUARDO MATEOS SRL;Gas Oil Grado 3;61.89;14/11/2019 06:00;SHELL C.A.P.S.A.;-31.737.744;-60.526.945;2019;11
EDUARDO MATEOS SRL;Gas Oil Grado 3;280.80;15/1/2023 09:34;SHELL C.A.P.S.A.;-31.737.744;-60.526.945;2023;1
EDUARDO MATEOS SRL;Gas Oil Grado 3;310.30;15/3/2023 00:00;SHELL C.A.P.S.A.;-31.737.744;-60.526.945;2023;3
EDUARDO MATEOS SRL;Gas Oil Grado 3;27.51;16/1/2018 08:00;SHELL C.A.P.S.A.;-31.737.744;-60.526.945;2018;1
EDUARDO MATEOS SRL;Gas Oil Grado 3;88.99;16/1/2021 10:00;SHELL C.A.P.S.A.;-31.737.744;-60.526.945;2021;1
EDUARDO MATEOS SRL;Gas Oil Grado 3;284.50;16/1/2023 21:30;SHELL C.A.P.S.A.;-31.737.744;-60.526.945;2023;1
EDUARDO MATEOS SRL;Gas Oil Grado 3;98.80;16/3/2021 10:00;SHELL C.A.P.S.A.;-31.737.744;-60.526.945;2021;3
EDUARDO MATEOS SRL;Gas Oil Grado 3;418.90;16/8/2023 00:00;SHELL C.A.P.S.A.;-31.737.744;-60.526.945;2023;8
EDUARDO MATEOS SRL;Gas Oil Grado 3;73.16;16/10/2020 12:00;SHELL C.A.P.S.A.;-31.737.744;-60.526.945;2020;10
EDUARDO MATEOS SRL;Gas Oil Grado 3;844.00;16/12/2023 03:30;SHELL C.A.P.S.A.;-31.737.744;-60.526.945;2023;12
EDUARDO MATEOS SRL;Gas Oil Grado 3;298.90;17/2/2023 10:00;SHELL C.A.P.S.A.;-31.737.744;-60.526.945;2023;2
EDUARDO MATEOS SRL;Gas Oil Grado 3;308.90;17/3/2023 01:00;SHELL C.A.P.S.A.;-31.737.744;-60.526.945;2023;3
EDUARDO MATEOS SRL;Gas Oil Grado 3;105.80;17/4/2021 11:00;SHELL C.A.P.S.A.;-31.737.744;-60.526.945;2021;4
EDUARDO MATEOS SRL;Gas Oil Grado 3;314.70;17/4/2023 00:00;SHELL C.A.P.S.A.;-31.737.744;-60.526.945;2023;4
EDUARDO MATEOS SRL;Gas Oil Grado 3;110.40;17/5/2021 08:00;SHELL C.A.P.S.A.;-31.737.744;-60.526.945;2021;5
EDUARDO MATEOS SRL;Gas Oil Grado 3;327.30;17/5/2023 08:00;SHELL C.A.P.S.A.;-31.737.744;-60.526.945;2023;5
EDUARDO MATEOS SRL;Gas Oil Grado 3;205.90;17/6/2022 15:00;SHELL C.A.P.S.A.;-31.737.744;-60.526.945;2022;6
EDUARDO MATEOS SRL;Gas Oil Grado 3;339.20;17/6/2023 08:30;SHELL C.A.P.S.A.;-31.737.744;-60.526.945;2023;6
EDUARDO MATEOS SRL;Gas Oil Grado 3;329.20;18/5/2023 08:00;SHELL C.A.P.S.A.;-31.737.744;-60.526.945;2023;5
EDUARDO MATEOS SRL;Gas Oil Grado 3;28.85;19/4/2018 06:00;SHELL C.A.P.S.A.;-31.737.744;-60.526.945;2018;4
EDUARDO MATEOS SRL;Gas Oil Grado 3;68.99;19/8/2020 09:00;SHELL C.A.P.S.A.;-31.737.744;-60.526.945;2020;8
EDUARDO MATEOS SRL;Gas Oil Grado 3;56.14;19/9/2019 06:00;SHELL C.A.P.S.A.;-31.737.744;-60.526.945;2019;9
EDUARDO MATEOS SRL;Gas Oil Grado 3;70.56;19/9/2020 10:00;SHELL C.A.P.S.A.;-31.737.744;-60.526.945;2020;9
EDUARDO MATEOS SRL;Gas Oil Grado 3;215.20;22/8/2022 08:00;SHELL C.A.P.S.A.;-31.737.744;-60.526.945;2022;8
EDUARDO MATEOS SRL;Gas Oil Grado 3;24.81;23/10/2017 09:00;SHELL C.A.P.S.A.;-31.737.744;-60.526.945;2017;10
EDUARDO MATEOS SRL;Gas Oil Grado 3;26.17;23/12/2017 15:00;SHELL C.A.P.S.A.;-31.737.744;-60.526.945;2017;12
EDUARDO MATEOS SRL;Gas Oil Grado 3;75.88;24/11/2020 06:00;SHELL C.A.P.S.A.;-31.737.744;-60.526.945;2020;11
EDUARDO MATEOS SRL;Gas Oil Grado 3;27.49;25/1/2018 08:00;SHELL C.A.P.S.A.;-31.737.744;-60.526.945;2018;1
EDUARDO MATEOS SRL;Gas Oil Grado 3;527.00;25/11/2023 12:00;SHELL C.A.P.S.A.;-31.737.744;-60.526.945;2023;11
EDUARDO MATEOS SRL;Gas Oil Grado 3;427.30;26/9/2023 00:40;SHELL C.A.P.S.A.;-31.737.744;-60.526.945;2023;9
EDUARDO MATEOS SRL;Gas Oil Grado 3;444.00;26/10/2023 00:05;SHELL C.A.P.S.A.;-31.737.744;-60.526.945;2023;10
EDUARDO MATEOS SRL;Gas Oil Grado 3;53.14;30/3/2019 16:00;SHELL C.A.P.S.A.;-31.737.744;-60.526.945;2019;3
EDUARDO MATEOS SRL;Gas Oil Grado 3;52.78;30/4/2019 15:00;SHELL C.A.P.S.A.;-31.737.744;-60.526.945;2019;4
EDUARDO MATEOS SRL;Nafta (premium) de más de 95 Ron;1497;1/1/2025 00:00;SHELL C.A.P.S.A.;-31.737.744;-60.526.945;2025;1
EDUARDO MATEOS SRL;Nafta (premium) de más de 95 Ron;1057.00;1/2/2024 07:00;SHELL C.A.P.S.A.;-31.737.744;-60.526.945;2024;2
EDUARDO MATEOS SRL;Nafta (premium) de más de 95 Ron;1546;1/2/2025 08:00;SHELL C.A.P.S.A.;-31.737.744;-60.526.945;2025;2
EDUARDO MATEOS SRL;Nafta (premium) de más de 95 Ron;48.78;1/3/2019 01:00;SHELL C.A.P.S.A.;-31.737.744;-60.526.945;2019;3
EDUARDO MATEOS SRL;Nafta (premium) de más de 95 Ron;48.79;1/3/2019 16:00;SHELL C.A.P.S.A.;-31.737.744;-60.526.945;2019;3
EDUARDO MATEOS SRL;Nafta (premium) de más de 95 Ron;1569;1/3/2025 06:00;SHELL C.A.P.S.A.;-31.737.744;-60.526.945;2025;3
EDUARDO MATEOS SRL;Nafta (premium) de más de 95 Ron;50.98;1/4/2019 19:00;SHELL C.A.P.S.A.;-31.737.744;-60.526.945;2019;4
EDUARDO MATEOS SRL;Nafta (premium) de más de 95 Ron;1191;1/4/2024 08:00;SHELL C.A.P.S.A.;-31.737.744;-60.526.945;2024;4
EDUARDO MATEOS SRL;Nafta (premium) de más de 95 Ron;1596;1/4/2025 08:00;SHELL C.A.P.S.A.;-31.737.744;-60.526.945;2025;4
EDUARDO MATEOS SRL;Nafta (premium) de más de 95 Ron;1237;1/5/2024 08:00;SHELL C.A.P.S.A.;-31.737.744;-60.526.945;2024;5
EDUARDO MATEOS SRL;Nafta (premium) de más de 95 Ron;53.76;1/6/2019 08:00;SHELL C.A.P.S.A.;-31.737.744;-60.526.945;2019;6
EDUARDO MATEOS SRL;Nafta (premium) de más de 95 Ron;1287;1/6/2024 08:30;SHELL C.A.P.S.A.;-31.737.744;-60.526.945;2024;6
EDUARDO MATEOS SRL;Nafta (premium) de más de 95 Ron;54.98;1/7/2019 18:00;SHELL C.A.P.S.A.;-31.737.744;-60.526.945;2019;7
EDUARDO MATEOS SRL;Nafta (premium) de más de 95 Ron;1328.00;1/7/2024 06:00;SHELL C.A.P.S.A.;-31.737.744;-60.526.945;2024;7
EDUARDO MATEOS SRL;Nafta (premium) de más de 95 Ron;330.20;1/8/2023 00:00;SHELL C.A.P.S.A.;-31.737.744;-60.526.945;2023;8
EDUARDO MATEOS SRL;Nafta (premium) de más de 95 Ron;1366.00;1/8/2024 08:00;SHELL C.A.P.S.A.;-31.737.744;-60.526.945;2024;8
EDUARDO MATEOS SRL;Nafta (premium) de más de 95 Ron;46.75;1/9/2018 00:00;SHELL C.A.P.S.A.;-31.737.744;-60.526.945;2018;9
EDUARDO MATEOS SRL;Nafta (premium) de más de 95 Ron;1416;1/9/2024 04:00;SHELL C.A.P.S.A.;-31.737.744;-60.526.945;2024;9
EDUARDO MATEOS SRL;Nafta (premium) de más de 95 Ron;48.18;1/10/2018 04:00;SHELL C.A.P.S.A.;-31.737.744;-60.526.945;2018;10
EDUARDO MATEOS SRL;Nafta (premium) de más de 95 Ron;189.20;1/10/2022 12:00;SHELL C.A.P.S.A.;-31.737.744;-60.526.945;2022;10
EDUARDO MATEOS SRL;Nafta (premium) de más de 95 Ron;59.99;1/11/2019 06:00;SHELL C.A.P.S.A.;-31.737.744;-60.526.945;2019;11
EDUARDO MATEOS SRL;Nafta (premium) de más de 95 Ron;425.00;1/11/2023 00:00;SHELL C.A.P.S.A.;-31.737.744;-60.526.945;2023;11
EDUARDO MATEOS SRL;Nafta (premium) de más de 95 Ron;1448;1/11/2024 09:00;SHELL C.A.P.S.A.;-31.737.744;-60.526.945;2024;11
EDUARDO MATEOS SRL;Nafta (premium) de más de 95 Ron;211.50;1/12/2022 08:00;SHELL C.A.P.S.A.;-31.737.744;-60.526.945;2022;12
EDUARDO MATEOS SRL;Nafta (premium) de más de 95 Ron;91.39;2/2/2021 10:00;SHELL C.A.P.S.A.;-31.737.744;-60.526.945;2021;2
EDUARDO MATEOS SRL;Nafta (premium) de más de 95 Ron;124.30;2/2/2022 10:00;SHELL C.A.P.S.A.;-31.737.744;-60.526.945;2022;2
EDUARDO MATEOS SRL;Nafta (premium) de más de 95 Ron;1141;2/3/2024 08:00;SHELL C.A.P.S.A.;-31.737.744;-60.526.945;2024;3
EDUARDO MATEOS SRL;Nafta (premium) de más de 95 Ron;1540;2/5/2025 10:00;SHELL C.A.P.S.A.;-31.737.744;-60.526.945;2025;5
EDUARDO MATEOS SRL;Nafta (premium) de más de 95 Ron;34.63;2/6/2018 16:00;SHELL C.A.P.S.A.;-31.737.744;-60.526.945;2018;6
EDUARDO MATEOS SRL;Nafta (premium) de más de 95 Ron;1554;2/6/2025 00:00;SHELL C.A.P.S.A.;-31.737.744;-60.526.945;2025;6
EDUARDO MATEOS SRL;Nafta (premium) de más de 95 Ron;26.24;2/7/2017 08:00;SHELL C.A.P.S.A.;-31.737.744;-60.526.945;2017;7
EDUARDO MATEOS SRL;Nafta (premium) de más de 95 Ron;1409;2/10/2024 06:00;SHELL C.A.P.S.A.;-31.737.744;-60.526.945;2024;10
EDUARDO MATEOS SRL;Nafta (premium) de más de 95 Ron;49.63;2/11/2018 15:00;SHELL C.A.P.S.A.;-31.737.744;-60.526.945;2018;11
EDUARDO MATEOS SRL;Nafta (premium) de más de 95 Ron;30.72;2/12/2017 15:00;SHELL C.A.P.S.A.;-31.737.744;-60.526.945;2017;12
EDUARDO MATEOS SRL;Nafta (premium) de más de 95 Ron;67.21;2/12/2019 06:00;SHELL C.A.P.S.A.;-31.737.744;-60.526.945;2019;12
EDUARDO MATEOS SRL;Nafta (premium) de más de 95 Ron;1485;2/12/2024 00:30;SHELL C.A.P.S.A.;-31.737.744;-60.526.945;2024;12
EDUARDO MATEOS SRL;Nafta (premium) de más de 95 Ron;994.00;3/1/2024 00:00;SHELL C.A.P.S.A.;-31.737.744;-60.526.945;2024;1
EDUARDO MATEOS SRL;Nafta (premium) de más de 95 Ron;1513;3/1/2025 10:00;SHELL C.A.P.S.A.;-31.737.744;-60.526.945;2025;1
EDUARDO MATEOS SRL;Nafta (premium) de más de 95 Ron;47.45;3/2/2019 12:00;SHELL C.A.P.S.A.;-31.737.744;-60.526.945;2019;2
EDUARDO MATEOS SRL;Nafta (premium) de más de 95 Ron;38.49;3/7/2018 01:00;SHELL C.A.P.S.A.;-31.737.744;-60.526.945;2018;7
EDUARDO MATEOS SRL;Nafta (premium) de más de 95 Ron;203.30;3/11/2022 11:00;SHELL C.A.P.S.A.;-31.737.744;-60.526.945;2022;11
EDUARDO MATEOS SRL;Nafta (premium) de más de 95 Ron;46.99;4/12/2018 10:00;SHELL C.A.P.S.A.;-31.737.744;-60.526.945;2018;12
EDUARDO MATEOS SRL;Nafta (premium) de más de 95 Ron;83.94;5/1/2021 14:00;SHELL C.A.P.S.A.;-31.737.744;-60.526.945;2021;1
EDUARDO MATEOS SRL;Nafta (premium) de más de 95 Ron;67.73;5/3/2020 08:00;SHELL C.A.P.S.A.;-31.737.744;-60.526.945;2020;3
EDUARDO MATEOS SRL;Nafta (premium) de más de 95 Ron;24.45;5/4/2017 06:00;SHELL C.A.P.S.A.;-31.737.744;-60.526.945;2017;4
EDUARDO MATEOS SRL;Nafta (premium) de más de 95 Ron;215.40;5/12/2022 18:20;SHELL C.A.P.S.A.;-31.737.744;-60.526.945;2022;12
EDUARDO MATEOS SRL;Nafta (premium) de más de 95 Ron;1073.00;6/2/2024 00:00;SHELL C.A.P.S.A.;-31.737.744;-60.526.945;2024;2
EDUARDO MATEOS SRL;Nafta (premium) de más de 95 Ron;42.13;6/8/2018 09:00;SHELL C.A.P.S.A.;-31.737.744;-60.526.945;2018;8
EDUARDO MATEOS SRL;Nafta (premium) de más de 95 Ron;67.56;6/12/2019 06:00;SHELL C.A.P.S.A.;-31.737.744;-60.526.945;2019;12
EDUARDO MATEOS SRL;Nafta (premium) de más de 95 Ron;32.45;7/2/2018 09:00;SHELL C.A.P.S.A.;-31.737.744;-60.526.945;2018;2
EDUARDO MATEOS SRL;Nafta (premium) de más de 95 Ron;543.00;8/12/2023 00:45;SHELL C.A.P.S.A.;-31.737.744;-60.526.945;2023;12
EDUARDO MATEOS SRL;Nafta (premium) de más de 95 Ron;157.40;9/5/2022 09:00;SHELL C.A.P.S.A.;-31.737.744;-60.526.945;2022;5
EDUARDO MATEOS SRL;Nafta (premium) de más de 95 Ron;158.70;9/5/2022 21:00;SHELL C.A.P.S.A.;-31.737.744;-60.526.945;2022;5
EDUARDO MATEOS SRL;Nafta (premium) de más de 95 Ron;566.00;9/12/2023 08:00;SHELL C.A.P.S.A.;-31.737.744;-60.526.945;2023;12
EDUARDO MATEOS SRL;Nafta (premium) de más de 95 Ron;31.99;10/2/2018 08:30;SHELL C.A.P.S.A.;-31.737.744;-60.526.945;2018;2
EDUARDO MATEOS SRL;Nafta (premium) de más de 95 Ron;33.33;10/4/2018 11:00;SHELL C.A.P.S.A.;-31.737.744;-60.526.945;2018;4
EDUARDO MATEOS SRL;Nafta (premium) de más de 95 Ron;315.90;11/7/2023 06:00;SHELL C.A.P.S.A.;-31.737.744;-60.526.945;2023;7
EDUARDO MATEOS SRL;Nafta (premium) de más de 95 Ron;24.47;12/1/2017 20:00;SHELL C.A.P.S.A.;-31.737.744;-60.526.945;2017;1
EDUARDO MATEOS SRL;Nafta (premium) de más de 95 Ron;85.17;13/1/2021 15:00;SHELL C.A.P.S.A.;-31.737.744;-60.526.945;2021;1
EDUARDO MATEOS SRL;Nafta (premium) de más de 95 Ron;80.78;13/12/2020 10:00;SHELL C.A.P.S.A.;-31.737.744;-60.526.945;2020;12
EDUARDO MATEOS SRL;Nafta (premium) de más de 95 Ron;776.00;13/12/2023 14:00;SHELL C.A.P.S.A.;-31.737.744;-60.526.945;2023;12
EDUARDO MATEOS SRL;Nafta (premium) de más de 95 Ron;782.00;13/12/2023 15:30;SHELL C.A.P.S.A.;-31.737.744;-60.526.945;2023;12
EDUARDO MATEOS SRL;Nafta (premium) de más de 95 Ron;92.41;14/2/2021 16:00;SHELL C.A.P.S.A.;-31.737.744;-60.526.945;2021;2
EDUARDO MATEOS SRL;Nafta (premium) de más de 95 Ron;237.60;14/2/2023 22:00;SHELL C.A.P.S.A.;-31.737.744;-60.526.945;2023;2
EDUARDO MATEOS SRL;Nafta (premium) de más de 95 Ron;141.80;14/3/2022 09:00;SHELL C.A.P.S.A.;-31.737.744;-60.526.945;2022;3
EDUARDO MATEOS SRL;Nafta (premium) de más de 95 Ron;39.63;14/7/2018 06:00;SHELL C.A.P.S.A.;-31.737.744;-60.526.945;2018;7
EDUARDO MATEOS SRL;Nafta (premium) de más de 95 Ron;62.99;14/11/2019 06:00;SHELL C.A.P.S.A.;-31.737.744;-60.526.945;2019;11
EDUARDO MATEOS SRL;Nafta (premium) de más de 95 Ron;225.20;15/1/2023 09:35;SHELL C.A.P.S.A.;-31.737.744;-60.526.945;2023;1
EDUARDO MATEOS SRL;Nafta (premium) de más de 95 Ron;249.50;15/3/2023 00:00;SHELL C.A.P.S.A.;-31.737.744;-60.526.945;2023;3
EDUARDO MATEOS SRL;Nafta (premium) de más de 95 Ron;31.29;16/1/2018 08:00;SHELL C.A.P.S.A.;-31.737.744;-60.526.945;2018;1
EDUARDO MATEOS SRL;Nafta (premium) de más de 95 Ron;90.36;16/1/2021 10:00;SHELL C.A.P.S.A.;-31.737.744;-60.526.945;2021;1
EDUARDO MATEOS SRL;Nafta (premium) de más de 95 Ron;228.50;16/1/2023 21:30;SHELL C.A.P.S.A.;-31.737.744;-60.526.945;2023;1
EDUARDO MATEOS SRL;Nafta (premium) de más de 95 Ron;99.40;16/3/2021 10:00;SHELL C.A.P.S.A.;-31.737.744;-60.526.945;2021;3
EDUARDO MATEOS SRL;Nafta (premium) de más de 95 Ron;371.50;16/8/2023 00:00;SHELL C.A.P.S.A.;-31.737.744;-60.526.945;2023;8
EDUARDO MATEOS SRL;Nafta (premium) de más de 95 Ron;74.81;16/10/2020 12:00;SHELL C.A.P.S.A.;-31.737.744;-60.526.945;2020;10
EDUARDO MATEOS SRL;Nafta (premium) de más de 95 Ron;788.00;16/12/2023 03:30;SHELL C.A.P.S.A.;-31.737.744;-60.526.945;2023;12
EDUARDO MATEOS SRL;Nafta (premium) de más de 95 Ron;240.40;17/2/2023 10:00;SHELL C.A.P.S.A.;-31.737.744;-60.526.945;2023;2
EDUARDO MATEOS SRL;Nafta (premium) de más de 95 Ron;252.70;17/3/2023 01:00;SHELL C.A.P.S.A.;-31.737.744;-60.526.945;2023;3
EDUARDO MATEOS SRL;Nafta (premium) de más de 95 Ron;104.90;17/4/2021 11:00;SHELL C.A.P.S.A.;-31.737.744;-60.526.945;2021;4
EDUARDO MATEOS SRL;Nafta (premium) de más de 95 Ron;267.70;17/4/2023 00:00;SHELL C.A.P.S.A.;-31.737.744;-60.526.945;2023;4
EDUARDO MATEOS SRL;Nafta (premium) de más de 95 Ron;111.90;17/5/2021 08:00;SHELL C.A.P.S.A.;-31.737.744;-60.526.945;2021;5
EDUARDO MATEOS SRL;Nafta (premium) de más de 95 Ron;278.40;17/5/2023 08:00;SHELL C.A.P.S.A.;-31.737.744;-60.526.945;2023;5
EDUARDO MATEOS SRL;Nafta (premium) de más de 95 Ron;302.40;17/6/2023 08:30;SHELL C.A.P.S.A.;-31.737.744;-60.526.945;2023;6
EDUARDO MATEOS SRL;Nafta (premium) de más de 95 Ron;279.90;18/5/2023 08:00;SHELL C.A.P.S.A.;-31.737.744;-60.526.945;2023;5
EDUARDO MATEOS SRL;Nafta (premium) de más de 95 Ron;39.82;18/7/2018 20:00;SHELL C.A.P.S.A.;-31.737.744;-60.526.945;2018;7
EDUARDO MATEOS SRL;Nafta (premium) de más de 95 Ron;32.98;19/4/2018 06:00;SHELL C.A.P.S.A.;-31.737.744;-60.526.945;2018;4
EDUARDO MATEOS SRL;Nafta (premium) de más de 95 Ron;71.38;19/8/2020 09:00;SHELL C.A.P.S.A.;-31.737.744;-60.526.945;2020;8
EDUARDO MATEOS SRL;Nafta (premium) de más de 95 Ron;57.18;19/9/2019 06:00;SHELL C.A.P.S.A.;-31.737.744;-60.526.945;2019;9
EDUARDO MATEOS SRL;Nafta (premium) de más de 95 Ron;72.15;19/9/2020 10:00;SHELL C.A.P.S.A.;-31.737.744;-60.526.945;2020;9
EDUARDO MATEOS SRL;Nafta (premium) de más de 95 Ron;177.40;22/8/2022 08:00;SHELL C.A.P.S.A.;-31.737.744;-60.526.945;2022;8
EDUARDO MATEOS SRL;Nafta (premium) de más de 95 Ron;29.35;23/10/2017 09:00;SHELL C.A.P.S.A.;-31.737.744;-60.526.945;2017;10
EDUARDO MATEOS SRL;Nafta (premium) de más de 95 Ron;29.99;23/12/2017 15:00;SHELL C.A.P.S.A.;-31.737.744;-60.526.945;2017;12
EDUARDO MATEOS SRL;Nafta (premium) de más de 95 Ron;77.41;24/11/2020 06:00;SHELL C.A.P.S.A.;-31.737.744;-60.526.945;2020;11
EDUARDO MATEOS SRL;Nafta (premium) de más de 95 Ron;31.31;25/1/2018 08:00;SHELL C.A.P.S.A.;-31.737.744;-60.526.945;2018;1
EDUARDO MATEOS SRL;Nafta (premium) de más de 95 Ron;475.00;25/11/2023 12:00;SHELL C.A.P.S.A.;-31.737.744;-60.526.945;2023;11
EDUARDO MATEOS SRL;Nafta (premium) de más de 95 Ron;378.90;26/9/2023 00:40;SHELL C.A.P.S.A.;-31.737.744;-60.526.945;2023;9
EDUARDO MATEOS SRL;Nafta (premium) de más de 95 Ron;395.00;26/10/2023 00:05;SHELL C.A.P.S.A.;-31.737.744;-60.526.945;2023;10
EDUARDO MATEOS SRL;Nafta (premium) de más de 95 Ron;389.10;28/8/2023 23:40;SHELL C.A.P.S.A.;-31.737.744;-60.526.945;2023;8
EDUARDO MATEOS SRL;Nafta (premium) de más de 95 Ron;371.50;29/8/2023 18:00;SHELL C.A.P.S.A.;-31.737.744;-60.526.945;2023;8
EDUARDO MATEOS SRL;Nafta (premium) de más de 95 Ron;53.41;30/3/2019 16:00;SHELL C.A.P.S.A.;-31.737.744;-60.526.945;2019;3
EDUARDO MATEOS SRL;Nafta (premium) de más de 95 Ron;52.98;30/4/2019 15:00;SHELL C.A.P.S.A.;-31.737.744;-60.526.945;2019;4
EDUARDO MATEOS SRL;Nafta (súper) entre 92 y 95 Ron;1246;1/1/2025 00:00;SHELL C.A.P.S.A.;-31.737.744;-60.526.945;2025;1
EDUARDO MATEOS SRL;Nafta (súper) entre 92 y 95 Ron;876.00;1/2/2024 07:00;SHELL C.A.P.S.A.;-31.737.744;-60.526.945;2024;2
EDUARDO MATEOS SRL;Nafta (súper) entre 92 y 95 Ron;1289;1/2/2025 08:00;SHELL C.A.P.S.A.;-31.737.744;-60.526.945;2025;2
EDUARDO MATEOS SRL;Nafta (súper) entre 92 y 95 Ron;43.84;1/3/2019 01:00;SHELL C.A.P.S.A.;-31.737.744;-60.526.945;2019;3
EDUARDO MATEOS SRL;Nafta (súper) entre 92 y 95 Ron;1314;1/3/2025 06:00;SHELL C.A.P.S.A.;-31.737.744;-60.526.945;2025;3
EDUARDO MATEOS SRL;Nafta (súper) entre 92 y 95 Ron;45.74;1/4/2019 19:00;SHELL C.A.P.S.A.;-31.737.744;-60.526.945;2019;4
EDUARDO MATEOS SRL;Nafta (súper) entre 92 y 95 Ron;984;1/4/2024 08:00;SHELL C.A.P.S.A.;-31.737.744;-60.526.945;2024;4
EDUARDO MATEOS SRL;Nafta (súper) entre 92 y 95 Ron;1334;1/4/2025 08:00;SHELL C.A.P.S.A.;-31.737.744;-60.526.945;2025;4
EDUARDO MATEOS SRL;Nafta (súper) entre 92 y 95 Ron;1023;1/5/2024 08:00;SHELL C.A.P.S.A.;-31.737.744;-60.526.945;2024;5
EDUARDO MATEOS SRL;Nafta (súper) entre 92 y 95 Ron;48.23;1/6/2019 08:00;SHELL C.A.P.S.A.;-31.737.744;-60.526.945;2019;6
EDUARDO MATEOS SRL;Nafta (súper) entre 92 y 95 Ron;1067;1/6/2024 08:30;SHELL C.A.P.S.A.;-31.737.744;-60.526.945;2024;6
EDUARDO MATEOS SRL;Nafta (súper) entre 92 y 95 Ron;49.44;1/7/2019 18:00;SHELL C.A.P.S.A.;-31.737.744;-60.526.945;2019;7
EDUARDO MATEOS SRL;Nafta (súper) entre 92 y 95 Ron;1099.00;1/7/2024 06:00;SHELL C.A.P.S.A.;-31.737.744;-60.526.945;2024;7
EDUARDO MATEOS SRL;Nafta (súper) entre 92 y 95 Ron;270.30;1/8/2023 00:00;SHELL C.A.P.S.A.;-31.737.744;-60.526.945;2023;8
EDUARDO MATEOS SRL;Nafta (súper) entre 92 y 95 Ron;1131.00;1/8/2024 08:00;SHELL C.A.P.S.A.;-31.737.744;-60.526.945;2024;8
EDUARDO MATEOS SRL;Nafta (súper) entre 92 y 95 Ron;39.41;1/9/2018 00:00;SHELL C.A.P.S.A.;-31.737.744;-60.526.945;2018;9
EDUARDO MATEOS SRL;Nafta (súper) entre 92 y 95 Ron;1174;1/9/2024 04:00;SHELL C.A.P.S.A.;-31.737.744;-60.526.945;2024;9
EDUARDO MATEOS SRL;Nafta (súper) entre 92 y 95 Ron;42.20;1/10/2018 04:00;SHELL C.A.P.S.A.;-31.737.744;-60.526.945;2018;10
EDUARDO MATEOS SRL;Nafta (súper) entre 92 y 95 Ron;156.50;1/10/2022 12:00;SHELL C.A.P.S.A.;-31.737.744;-60.526.945;2022;10
EDUARDO MATEOS SRL;Nafta (súper) entre 92 y 95 Ron;53.98;1/11/2019 06:00;SHELL C.A.P.S.A.;-31.737.744;-60.526.945;2019;11
EDUARDO MATEOS SRL;Nafta (súper) entre 92 y 95 Ron;351.00;1/11/2023 00:00;SHELL C.A.P.S.A.;-31.737.744;-60.526.945;2023;11
EDUARDO MATEOS SRL;Nafta (súper) entre 92 y 95 Ron;1199;1/11/2024 09:00;SHELL C.A.P.S.A.;-31.737.744;-60.526.945;2024;11
EDUARDO MATEOS SRL;Nafta (súper) entre 92 y 95 Ron;174.20;1/12/2022 08:00;SHELL C.A.P.S.A.;-31.737.744;-60.526.945;2022;12
EDUARDO MATEOS SRL;Nafta (súper) entre 92 y 95 Ron;79.75;2/2/2021 10:00;SHELL C.A.P.S.A.;-31.737.744;-60.526.945;2021;2
EDUARDO MATEOS SRL;Nafta (súper) entre 92 y 95 Ron;105.70;2/2/2022 10:00;SHELL C.A.P.S.A.;-31.737.744;-60.526.945;2022;2
EDUARDO MATEOS SRL;Nafta (súper) entre 92 y 95 Ron;948;2/3/2024 08:00;SHELL C.A.P.S.A.;-31.737.744;-60.526.945;2024;3
EDUARDO MATEOS SRL;Nafta (súper) entre 92 y 95 Ron;1323;2/5/2025 10:00;SHELL C.A.P.S.A.;-31.737.744;-60.526.945;2025;5
EDUARDO MATEOS SRL;Nafta (súper) entre 92 y 95 Ron;30.20;2/6/2018 16:00;SHELL C.A.P.S.A.;-31.737.744;-60.526.945;2018;6
EDUARDO MATEOS SRL;Nafta (súper) entre 92 y 95 Ron;1338;2/6/2025 00:00;SHELL C.A.P.S.A.;-31.737.744;-60.526.945;2025;6
EDUARDO MATEOS SRL;Nafta (súper) entre 92 y 95 Ron;22.49;2/7/2017 08:00;SHELL C.A.P.S.A.;-31.737.744;-60.526.945;2017;7
EDUARDO MATEOS SRL;Nafta (súper) entre 92 y 95 Ron;1169;2/10/2024 06:00;SHELL C.A.P.S.A.;-31.737.744;-60.526.945;2024;10
EDUARDO MATEOS SRL;Nafta (súper) entre 92 y 95 Ron;43.88;2/11/2018 15:00;SHELL C.A.P.S.A.;-31.737.744;-60.526.945;2018;11
EDUARDO MATEOS SRL;Nafta (súper) entre 92 y 95 Ron;25.81;2/12/2017 15:00;SHELL C.A.P.S.A.;-31.737.744;-60.526.945;2017;12
EDUARDO MATEOS SRL;Nafta (súper) entre 92 y 95 Ron;59.61;2/12/2019 06:00;SHELL C.A.P.S.A.;-31.737.744;-60.526.945;2019;12
EDUARDO MATEOS SRL;Nafta (súper) entre 92 y 95 Ron;1234;2/12/2024 00:30;SHELL C.A.P.S.A.;-31.737.744;-60.526.945;2024;12
EDUARDO MATEOS SRL;Nafta (súper) entre 92 y 95 Ron;822.00;3/1/2024 00:00;SHELL C.A.P.S.A.;-31.737.744;-60.526.945;2024;1
EDUARDO MATEOS SRL;Nafta (súper) entre 92 y 95 Ron;1257;3/1/2025 10:00;SHELL C.A.P.S.A.;-31.737.744;-60.526.945;2025;1
EDUARDO MATEOS SRL;Nafta (súper) entre 92 y 95 Ron;42.65;3/2/2019 12:00;SHELL C.A.P.S.A.;-31.737.744;-60.526.945;2019;2
EDUARDO MATEOS SRL;Nafta (súper) entre 92 y 95 Ron;32.92;3/7/2018 01:00;SHELL C.A.P.S.A.;-31.737.744;-60.526.945;2018;7
EDUARDO MATEOS SRL;Nafta (súper) entre 92 y 95 Ron;167.50;3/11/2022 11:00;SHELL C.A.P.S.A.;-31.737.744;-60.526.945;2022;11
EDUARDO MATEOS SRL;Nafta (súper) entre 92 y 95 Ron;42.09;4/12/2018 10:00;SHELL C.A.P.S.A.;-31.737.744;-60.526.945;2018;12
EDUARDO MATEOS SRL;Nafta (súper) entre 92 y 95 Ron;73.81;5/1/2021 14:00;SHELL C.A.P.S.A.;-31.737.744;-60.526.945;2021;1
EDUARDO MATEOS SRL;Nafta (súper) entre 92 y 95 Ron;20.96;5/4/2017 06:00;SHELL C.A.P.S.A.;-31.737.744;-60.526.945;2017;4
EDUARDO MATEOS SRL;Nafta (súper) entre 92 y 95 Ron;175.20;5/12/2022 18:20;SHELL C.A.P.S.A.;-31.737.744;-60.526.945;2022;12
EDUARDO MATEOS SRL;Nafta (súper) entre 92 y 95 Ron;892.00;6/2/2024 00:00;SHELL C.A.P.S.A.;-31.737.744;-60.526.945;2024;2
EDUARDO MATEOS SRL;Nafta (súper) entre 92 y 95 Ron;34.90;6/8/2018 09:00;SHELL C.A.P.S.A.;-31.737.744;-60.526.945;2018;8
EDUARDO MATEOS SRL;Nafta (súper) entre 92 y 95 Ron;59.88;6/12/2019 06:00;SHELL C.A.P.S.A.;-31.737.744;-60.526.945;2019;12
EDUARDO MATEOS SRL;Nafta (súper) entre 92 y 95 Ron;27.96;7/2/2018 09:00;SHELL C.A.P.S.A.;-31.737.744;-60.526.945;2018;2
EDUARDO MATEOS SRL;Nafta (súper) entre 92 y 95 Ron;41.81;8/1/2019 11:00;SHELL C.A.P.S.A.;-31.737.744;-60.526.945;2019;1
EDUARDO MATEOS SRL;Nafta (súper) entre 92 y 95 Ron;467.00;8/12/2023 00:45;SHELL C.A.P.S.A.;-31.737.744;-60.526.945;2023;12
EDUARDO MATEOS SRL;Nafta (súper) entre 92 y 95 Ron;130.20;9/5/2022 09:00;SHELL C.A.P.S.A.;-31.737.744;-60.526.945;2022;5
EDUARDO MATEOS SRL;Nafta (súper) entre 92 y 95 Ron;131.40;9/5/2022 21:00;SHELL C.A.P.S.A.;-31.737.744;-60.526.945;2022;5
EDUARDO MATEOS SRL;Nafta (súper) entre 92 y 95 Ron;471.00;9/12/2023 08:00;SHELL C.A.P.S.A.;-31.737.744;-60.526.945;2023;12
EDUARDO MATEOS SRL;Nafta (súper) entre 92 y 95 Ron;27.78;10/2/2018 08:30;SHELL C.A.P.S.A.;-31.737.744;-60.526.945;2018;2
EDUARDO MATEOS SRL;Nafta (súper) entre 92 y 95 Ron;28.94;10/4/2018 11:00;SHELL C.A.P.S.A.;-31.737.744;-60.526.945;2018;4
EDUARDO MATEOS SRL;Nafta (súper) entre 92 y 95 Ron;258.70;11/7/2023 06:00;SHELL C.A.P.S.A.;-31.737.744;-60.526.945;2023;7
EDUARDO MATEOS SRL;Nafta (súper) entre 92 y 95 Ron;20.98;12/1/2017 20:00;SHELL C.A.P.S.A.;-31.737.744;-60.526.945;2017;1
EDUARDO MATEOS SRL;Nafta (súper) entre 92 y 95 Ron;74.52;13/1/2021 15:00;SHELL C.A.P.S.A.;-31.737.744;-60.526.945;2021;1
EDUARDO MATEOS SRL;Nafta (súper) entre 92 y 95 Ron;71.12;13/12/2020 10:00;SHELL C.A.P.S.A.;-31.737.744;-60.526.945;2020;12
EDUARDO MATEOS SRL;Nafta (súper) entre 92 y 95 Ron;646.00;13/12/2023 14:00;SHELL C.A.P.S.A.;-31.737.744;-60.526.945;2023;12
EDUARDO MATEOS SRL;Nafta (súper) entre 92 y 95 Ron;655.00;13/12/2023 15:30;SHELL C.A.P.S.A.;-31.737.744;-60.526.945;2023;12
EDUARDO MATEOS SRL;Nafta (súper) entre 92 y 95 Ron;80.77;14/2/2021 16:00;SHELL C.A.P.S.A.;-31.737.744;-60.526.945;2021;2
EDUARDO MATEOS SRL;Nafta (súper) entre 92 y 95 Ron;192.20;14/2/2023 22:00;SHELL C.A.P.S.A.;-31.737.744;-60.526.945;2023;2
EDUARDO MATEOS SRL;Nafta (súper) entre 92 y 95 Ron;118.30;14/3/2022 09:00;SHELL C.A.P.S.A.;-31.737.744;-60.526.945;2022;3
EDUARDO MATEOS SRL;Nafta (súper) entre 92 y 95 Ron;56.68;14/11/2019 06:00;SHELL C.A.P.S.A.;-31.737.744;-60.526.945;2019;11
EDUARDO MATEOS SRL;Nafta (súper) entre 92 y 95 Ron;184.70;15/1/2023 09:36;SHELL C.A.P.S.A.;-31.737.744;-60.526.945;2023;1
EDUARDO MATEOS SRL;Nafta (súper) entre 92 y 95 Ron;201.90;15/3/2023 00:00;SHELL C.A.P.S.A.;-31.737.744;-60.526.945;2023;3
EDUARDO MATEOS SRL;Nafta (súper) entre 92 y 95 Ron;27.26;16/1/2018 08:00;SHELL C.A.P.S.A.;-31.737.744;-60.526.945;2018;1
EDUARDO MATEOS SRL;Nafta (súper) entre 92 y 95 Ron;78.91;16/1/2021 10:00;SHELL C.A.P.S.A.;-31.737.744;-60.526.945;2021;1
EDUARDO MATEOS SRL;Nafta (súper) entre 92 y 95 Ron;86.70;16/3/2021 10:00;SHELL C.A.P.S.A.;-31.737.744;-60.526.945;2021;3
EDUARDO MATEOS SRL;Nafta (súper) entre 92 y 95 Ron;306.80;16/8/2023 00:00;SHELL C.A.P.S.A.;-31.737.744;-60.526.945;2023;8
EDUARDO MATEOS SRL;Nafta (súper) entre 92 y 95 Ron;66.14;16/10/2020 12:00;SHELL C.A.P.S.A.;-31.737.744;-60.526.945;2020;10
EDUARDO MATEOS SRL;Nafta (súper) entre 92 y 95 Ron;659.00;16/12/2023 03:30;SHELL C.A.P.S.A.;-31.737.744;-60.526.945;2023;12
EDUARDO MATEOS SRL;Nafta (súper) entre 92 y 95 Ron;27.27;17/1/2018 19:00;SHELL C.A.P.S.A.;-31.737.744;-60.526.945;2018;1
EDUARDO MATEOS SRL;Nafta (súper) entre 92 y 95 Ron;194.50;17/2/2023 10:00;SHELL C.A.P.S.A.;-31.737.744;-60.526.945;2023;2
EDUARDO MATEOS SRL;Nafta (súper) entre 92 y 95 Ron;206.20;17/3/2023 01:00;SHELL C.A.P.S.A.;-31.737.744;-60.526.945;2023;3
EDUARDO MATEOS SRL;Nafta (súper) entre 92 y 95 Ron;91.90;17/4/2021 11:00;SHELL C.A.P.S.A.;-31.737.744;-60.526.945;2021;4
EDUARDO MATEOS SRL;Nafta (súper) entre 92 y 95 Ron;219.60;17/4/2023 00:00;SHELL C.A.P.S.A.;-31.737.744;-60.526.945;2023;4
EDUARDO MATEOS SRL;Nafta (súper) entre 92 y 95 Ron;96.90;17/5/2021 08:00;SHELL C.A.P.S.A.;-31.737.744;-60.526.945;2021;5
EDUARDO MATEOS SRL;Nafta (súper) entre 92 y 95 Ron;228.40;17/5/2023 08:00;SHELL C.A.P.S.A.;-31.737.744;-60.526.945;2023;5
EDUARDO MATEOS SRL;Nafta (súper) entre 92 y 95 Ron;244.20;17/6/2023 08:30;SHELL C.A.P.S.A.;-31.737.744;-60.526.945;2023;6
EDUARDO MATEOS SRL;Nafta (súper) entre 92 y 95 Ron;42.92;17/11/2018 17:00;SHELL C.A.P.S.A.;-31.737.744;-60.526.945;2018;11
EDUARDO MATEOS SRL;Nafta (súper) entre 92 y 95 Ron;230.30;18/5/2023 08:00;SHELL C.A.P.S.A.;-31.737.744;-60.526.945;2023;5
EDUARDO MATEOS SRL;Nafta (súper) entre 92 y 95 Ron;28.76;19/4/2018 06:00;SHELL C.A.P.S.A.;-31.737.744;-60.526.945;2018;4
EDUARDO MATEOS SRL;Nafta (súper) entre 92 y 95 Ron;62.73;19/8/2020 09:00;SHELL C.A.P.S.A.;-31.737.744;-60.526.945;2020;8
EDUARDO MATEOS SRL;Nafta (súper) entre 92 y 95 Ron;51.42;19/9/2019 06:00;SHELL C.A.P.S.A.;-31.737.744;-60.526.945;2019;9
EDUARDO MATEOS SRL;Nafta (súper) entre 92 y 95 Ron;63.79;19/9/2020 10:00;SHELL C.A.P.S.A.;-31.737.744;-60.526.945;2020;9
EDUARDO MATEOS SRL;Nafta (súper) entre 92 y 95 Ron;247.60;22/6/2023 06:00;SHELL C.A.P.S.A.;-31.737.744;-60.526.945;2023;6
EDUARDO MATEOS SRL;Nafta (súper) entre 92 y 95 Ron;146.90;22/8/2022 08:00;SHELL C.A.P.S.A.;-31.737.744;-60.526.945;2022;8
EDUARDO MATEOS SRL;Nafta (súper) entre 92 y 95 Ron;24.72;23/10/2017 09:00;SHELL C.A.P.S.A.;-31.737.744;-60.526.945;2017;10
EDUARDO MATEOS SRL;Nafta (súper) entre 92 y 95 Ron;68.45;24/11/2020 06:00;SHELL C.A.P.S.A.;-31.737.744;-60.526.945;2020;11
EDUARDO MATEOS SRL;Nafta (súper) entre 92 y 95 Ron;26.98;25/1/2018 08:00;SHELL C.A.P.S.A.;-31.737.744;-60.526.945;2018;1
EDUARDO MATEOS SRL;Nafta (súper) entre 92 y 95 Ron;396.00;25/11/2023 12:00;SHELL C.A.P.S.A.;-31.737.744;-60.526.945;2023;11
EDUARDO MATEOS SRL;Nafta (súper) entre 92 y 95 Ron;312.90;26/9/2023 00:40;SHELL C.A.P.S.A.;-31.737.744;-60.526.945;2023;9
EDUARDO MATEOS SRL;Nafta (súper) entre 92 y 95 Ron;326.00;26/10/2023 00:05;SHELL C.A.P.S.A.;-31.737.744;-60.526.945;2023;10
EDUARDO MATEOS SRL;Nafta (súper) entre 92 y 95 Ron;320.89;28/8/2023 23:40;SHELL C.A.P.S.A.;-31.737.744;-60.526.945;2023;8
EDUARDO MATEOS SRL;Nafta (súper) entre 92 y 95 Ron;306.80;29/8/2023 18:00;SHELL C.A.P.S.A.;-31.737.744;-60.526.945;2023;8
EDUARDO MATEOS SRL;Nafta (súper) entre 92 y 95 Ron;47.98;30/3/2019 16:00;SHELL C.A.P.S.A.;-31.737.744;-60.526.945;2019;3
EDUARDO MATEOS SRL;Nafta (súper) entre 92 y 95 Ron;47.52;30/4/2019 15:00;SHELL C.A.P.S.A.;-31.737.744;-60.526.945;2019;4
EL EMPALME S.R.L.;Gas Oil Grado 2;73.70;1/2/2021 00:00;YPF;-3.178.109;-6.046.074;2021;2
EL EMPALME S.R.L.;Gas Oil Grado 2;925.00;1/2/2024 00:00;YPF;-3.178.109;-6.046.074;2024;2
EL EMPALME S.R.L.;Gas Oil Grado 2;1271.00;1/2/2025 00:00;YPF;-3.178.109;-6.046.074;2025;2
EL EMPALME S.R.L.;Gas Oil Grado 2;38.98;1/3/2019 00:00;YPF;-3.178.109;-6.046.074;2019;3
EL EMPALME S.R.L.;Gas Oil Grado 2;1295.00;1/3/2025 00:10;YPF;-3.178.109;-6.046.074;2025;3
EL EMPALME S.R.L.;Gas Oil Grado 2;1042.00;1/4/2024 00:00;YPF;-3.178.109;-6.046.074;2024;4
EL EMPALME S.R.L.;Gas Oil Grado 2;1318.00;1/4/2025 00:00;YPF;-3.178.109;-6.046.074;2025;4
EL EMPALME S.R.L.;Gas Oil Grado 2;1084.00;1/5/2024 00:00;YPF;-3.178.109;-6.046.074;2024;5
EL EMPALME S.R.L.;Gas Oil Grado 2;1279.00;1/5/2025 00:00;YPF;-3.178.109;-6.046.074;2025;5
EL EMPALME S.R.L.;Gas Oil Grado 2;43.37;1/6/2019 00:00;YPF;-3.178.109;-6.046.074;2019;6
EL EMPALME S.R.L.;Gas Oil Grado 2;1112.00;1/6/2024 00:00;YPF;-3.178.109;-6.046.074;2024;6
EL EMPALME S.R.L.;Gas Oil Grado 2;1300.00;1/6/2025 00:00;YPF;-3.178.109;-6.046.074;2025;6
EL EMPALME S.R.L.;Gas Oil Grado 2;26.32;1/7/2018 00:00;YPF;-3.178.109;-6.046.074;2018;7
EL EMPALME S.R.L.;Gas Oil Grado 2;44.13;1/7/2019 00:00;YPF;-3.178.109;-6.046.074;2019;7
EL EMPALME S.R.L.;Gas Oil Grado 2;1145.00;1/7/2024 00:00;YPF;-3.178.109;-6.046.074;2024;7
EL EMPALME S.R.L.;Gas Oil Grado 2;1174.00;1/8/2024 00:00;YPF;-3.178.109;-6.046.074;2024;8
EL EMPALME S.R.L.;Gas Oil Grado 2;29.70;1/9/2018 00:00;YPF;-3.178.109;-6.046.074;2018;9
EL EMPALME S.R.L.;Gas Oil Grado 2;1198.00;1/9/2024 00:00;YPF;-3.178.109;-6.046.074;2024;9
EL EMPALME S.R.L.;Gas Oil Grado 2;168.70;1/10/2022 00:00;YPF;-3.178.109;-6.046.074;2022;10
EL EMPALME S.R.L.;Gas Oil Grado 2;1174.00;1/10/2024 00:00;YPF;-3.178.109;-6.046.074;2024;10
EL EMPALME S.R.L.;Gas Oil Grado 2;48.24;1/11/2019 00:00;YPF;-3.178.109;-6.046.074;2019;11
EL EMPALME S.R.L.;Gas Oil Grado 2;357.00;1/11/2023 00:01;YPF;-3.178.109;-6.046.074;2023;11
EL EMPALME S.R.L.;Gas Oil Grado 2;1207.00;1/11/2024 00:00;YPF;-3.178.109;-6.046.074;2024;11
EL EMPALME S.R.L.;Gas Oil Grado 2;54.09;1/12/2019 00:00;YPF;-3.178.109;-6.046.074;2019;12
EL EMPALME S.R.L.;Gas Oil Grado 2;1224.00;1/12/2024 00:00;YPF;-3.178.109;-6.046.074;2024;12
EL EMPALME S.R.L.;Gas Oil Grado 2;16.850;2/2/2017 11:38;YPF;-3.178.109;-6.046.074;2017;2
EL EMPALME S.R.L.;Gas Oil Grado 2;97.30;2/2/2022 00:00;YPF;-3.178.109;-6.046.074;2022;2
EL EMPALME S.R.L.;Gas Oil Grado 2;995.00;2/3/2024 00:00;YPF;-3.178.109;-6.046.074;2024;3
EL EMPALME S.R.L.;Gas Oil Grado 2;25.07;2/6/2018 00:00;YPF;-3.178.109;-6.046.074;2018;6
EL EMPALME S.R.L.;Gas Oil Grado 2;18.79;2/7/2017 00:00;YPF;-3.178.109;-6.046.074;2017;7
EL EMPALME S.R.L.;Gas Oil Grado 2;281.00;2/8/2023 00:00;YPF;-3.178.109;-6.046.074;2023;8
EL EMPALME S.R.L.;Gas Oil Grado 2;21.75;2/12/2017 00:00;YPF;-3.178.109;-6.046.074;2017;12
EL EMPALME S.R.L.;Gas Oil Grado 2;869.00;3/1/2024 09:00;YPF;-3.178.109;-6.046.074;2024;1
EL EMPALME S.R.L.;Gas Oil Grado 2;1246.00;3/1/2025 00:00;YPF;-3.178.109;-6.046.074;2025;1
EL EMPALME S.R.L.;Gas Oil Grado 2;183.90;3/11/2022 00:00;YPF;-3.178.109;-6.046.074;2022;11
EL EMPALME S.R.L.;Gas Oil Grado 2;37.69;3/12/2018 00:00;YPF;-3.178.109;-6.046.074;2018;12
EL EMPALME S.R.L.;Gas Oil Grado 2;32.08;4/9/2018 00:00;YPF;-3.178.109;-6.046.074;2018;9
EL EMPALME S.R.L.;Gas Oil Grado 2;36.52;4/11/2018 00:00;YPF;-3.178.109;-6.046.074;2018;11
EL EMPALME S.R.L.;Gas Oil Grado 2;192.20;4/12/2022 00:00;YPF;-3.178.109;-6.046.074;2022;12
EL EMPALME S.R.L.;Gas Oil Grado 2;66.80;5/1/2021 00:00;YPF;-3.178.109;-6.046.074;2021;1
EL EMPALME S.R.L.;Gas Oil Grado 2;37.92;5/2/2019 00:00;YPF;-3.178.109;-6.046.074;2019;2
EL EMPALME S.R.L.;Gas Oil Grado 2;17.73;5/4/2017 00:00;YPF;-3.178.109;-6.046.074;2017;4
EL EMPALME S.R.L.;Gas Oil Grado 2;28.94;5/8/2018 00:00;YPF;-3.178.109;-6.046.074;2018;8
EL EMPALME S.R.L.;Gas Oil Grado 2;23.41;6/2/2018 00:00;YPF;-3.178.109;-6.046.074;2018;2
EL EMPALME S.R.L.;Gas Oil Grado 2;37.29;7/1/2019 00:00;YPF;-3.178.109;-6.046.074;2019;1
EL EMPALME S.R.L.;Gas Oil Grado 2;18.20;7/2/2017 18:55;YPF;-3.178.109;-6.046.074;2017;2
EL EMPALME S.R.L.;Gas Oil Grado 2;26.58;7/7/2018 00:00;YPF;-3.178.109;-6.046.074;2018;7
EL EMPALME S.R.L.;Gas Oil Grado 2;268.90;8/7/2023 00:00;YPF;-3.178.109;-6.046.074;2023;7
EL EMPALME S.R.L.;Gas Oil Grado 2;502.00;8/12/2023 13:00;YPF;-3.178.109;-6.046.074;2023;12
EL EMPALME S.R.L.;Gas Oil Grado 2;122.60;9/5/2022 00:00;YPF;-3.178.109;-6.046.074;2022;5
EL EMPALME S.R.L.;Gas Oil Grado 2;67.50;10/1/2021 00:00;YPF;-3.178.109;-6.046.074;2021;1
EL EMPALME S.R.L.;Gas Oil Grado 2;23.99;11/4/2018 03:00;YPF;-3.178.109;-6.046.074;2018;4
EL EMPALME S.R.L.;Gas Oil Grado 2;32.91;11/9/2018 00:00;YPF;-3.178.109;-6.046.074;2018;9
EL EMPALME S.R.L.;Gas Oil Grado 2;27.38;12/7/2018 00:00;YPF;-3.178.109;-6.046.074;2018;7
EL EMPALME S.R.L.;Gas Oil Grado 2;689.00;13/12/2023 22:00;YPF;-3.178.109;-6.046.074;2023;12
EL EMPALME S.R.L.;Gas Oil Grado 2;74.70;14/2/2021 00:00;YPF;-3.178.109;-6.046.074;2021;2
EL EMPALME S.R.L.;Gas Oil Grado 2;109.00;14/3/2022 00:00;YPF;-3.178.109;-6.046.074;2022;3
EL EMPALME S.R.L.;Gas Oil Grado 2;1285.00;14/5/2025 00:00;YPF;-3.178.109;-6.046.074;2025;5
EL EMPALME S.R.L.;Gas Oil Grado 2;50.69;14/11/2019 00:00;YPF;-3.178.109;-6.046.074;2019;11
EL EMPALME S.R.L.;Gas Oil Grado 2;69.90;16/1/2021 00:00;YPF;-3.178.109;-6.046.074;2021;1
EL EMPALME S.R.L.;Gas Oil Grado 2;200.90;16/1/2023 00:00;YPF;-3.178.109;-6.046.074;2023;1
EL EMPALME S.R.L.;Gas Oil Grado 2;97.30;16/2/2022 17:10;YPF;-3.178.109;-6.046.074;2022;2
EL EMPALME S.R.L.;Gas Oil Grado 2;210.80;16/2/2023 00:00;YPF;-3.178.109;-6.046.074;2023;2
EL EMPALME S.R.L.;Gas Oil Grado 2;79.90;16/3/2021 00:00;YPF;-3.178.109;-6.046.074;2021;3
EL EMPALME S.R.L.;Gas Oil Grado 2;219.90;16/3/2023 00:00;YPF;-3.178.109;-6.046.074;2023;3
EL EMPALME S.R.L.;Gas Oil Grado 2;231.40;16/4/2023 00:00;YPF;-3.178.109;-6.046.074;2023;4
EL EMPALME S.R.L.;Gas Oil Grado 2;89.30;16/5/2021 00:00;YPF;-3.178.109;-6.046.074;2021;5
EL EMPALME S.R.L.;Gas Oil Grado 2;144.80;16/6/2022 17:00;YPF;-3.178.109;-6.046.074;2022;6
EL EMPALME S.R.L.;Gas Oil Grado 2;59.89;16/10/2020 00:00;YPF;-3.178.109;-6.046.074;2020;10
EL EMPALME S.R.L.;Gas Oil Grado 2;64.30;16/12/2020 00:00;YPF;-3.178.109;-6.046.074;2020;12
EL EMPALME S.R.L.;Gas Oil Grado 2;70.60;17/1/2021 00:00;YPF;-3.178.109;-6.046.074;2021;1
EL EMPALME S.R.L.;Gas Oil Grado 2;84.80;17/4/2021 00:00;YPF;-3.178.109;-6.046.074;2021;4
EL EMPALME S.R.L.;Gas Oil Grado 2;242.70;17/5/2023 08:00;YPF;-3.178.109;-6.046.074;2023;5
EL EMPALME S.R.L.;Gas Oil Grado 2;257.30;17/6/2023 00:00;YPF;-3.178.109;-6.046.074;2023;6
EL EMPALME S.R.L.;Gas Oil Grado 2;316.10;18/8/2023 00:00;YPF;-3.178.109;-6.046.074;2023;8
EL EMPALME S.R.L.;Gas Oil Grado 2;29.20;19/8/2018 00:00;YPF;-3.178.109;-6.046.074;2018;8
EL EMPALME S.R.L.;Gas Oil Grado 2;56.52;19/8/2020 00:00;YPF;-3.178.109;-6.046.074;2020;8
EL EMPALME S.R.L.;Gas Oil Grado 2;45.94;19/9/2019 00:00;YPF;-3.178.109;-6.046.074;2019;9
EL EMPALME S.R.L.;Gas Oil Grado 2;57.76;19/9/2020 00:00;YPF;-3.178.109;-6.046.074;2020;9
EL EMPALME S.R.L.;Gas Oil Grado 2;156.10;21/8/2022 00:00;YPF;-3.178.109;-6.046.074;2022;8
EL EMPALME S.R.L.;Gas Oil Grado 2;20.52;23/10/2017 06:01;YPF;-3.178.109;-6.046.074;2017;10
EL EMPALME S.R.L.;Gas Oil Grado 2;326.00;23/10/2023 00:00;YPF;-3.178.109;-6.046.074;2023;10
EL EMPALME S.R.L.;Gas Oil Grado 2;61.90;23/11/2020 00:00;YPF;-3.178.109;-6.046.074;2020;11
EL EMPALME S.R.L.;Gas Oil Grado 2;22.62;24/1/2018 00:00;YPF;-3.178.109;-6.046.074;2018;1
EL EMPALME S.R.L.;Gas Oil Grado 2;71.60;24/1/2021 00:00;YPF;-3.178.109;-6.046.074;2021;1
EL EMPALME S.R.L.;Gas Oil Grado 2;125.70;25/5/2022 00:00;YPF;-3.178.109;-6.046.074;2022;5
EL EMPALME S.R.L.;Gas Oil Grado 2;401.00;25/11/2023 00:00;YPF;-3.178.109;-6.046.074;2023;11
EL EMPALME S.R.L.;Gas Oil Grado 2;18.20;30/3/2017 14:00;YPF;-3.178.109;-6.046.074;2017;3
EL EMPALME S.R.L.;Gas Oil Grado 2;42.73;30/4/2019 06:00;YPF;-3.178.109;-6.046.074;2019;4
EL EMPALME S.R.L.;Gas Oil Grado 2;35.37;30/9/2018 00:00;YPF;-3.178.109;-6.046.074;2018;9
EL EMPALME S.R.L.;Gas Oil Grado 2;64.90;30/12/2020 00:00;YPF;-3.178.109;-6.046.074;2020;12
EL EMPALME S.R.L.;Gas Oil Grado 2;72.30;31/1/2021 00:00;YPF;-3.178.109;-6.046.074;2021;1
EL EMPALME S.R.L.;Gas Oil Grado 2;40.89;31/3/2019 00:00;YPF;-3.178.109;-6.046.074;2019;3
EL EMPALME S.R.L.;Gas Oil Grado 3;89.10;1/2/2021 00:00;YPF;-3.178.109;-6.046.074;2021;2
EL EMPALME S.R.L.;Gas Oil Grado 3;1098.00;1/2/2024 00:00;YPF;-3.178.109;-6.046.074;2024;2
EL EMPALME S.R.L.;Gas Oil Grado 3;1506.00;1/2/2025 00:00;YPF;-3.178.109;-6.046.074;2025;2
EL EMPALME S.R.L.;Gas Oil Grado 3;46.52;1/3/2019 00:00;YPF;-3.178.109;-6.046.074;2019;3
EL EMPALME S.R.L.;Gas Oil Grado 3;1535.00;1/3/2025 00:10;YPF;-3.178.109;-6.046.074;2025;3
EL EMPALME S.R.L.;Gas Oil Grado 3;1236.00;1/4/2024 00:00;YPF;-3.178.109;-6.046.074;2024;4
EL EMPALME S.R.L.;Gas Oil Grado 3;1562.00;1/4/2025 00:00;YPF;-3.178.109;-6.046.074;2025;4
EL EMPALME S.R.L.;Gas Oil Grado 3;1285.00;1/5/2024 00:00;YPF;-3.178.109;-6.046.074;2024;5
EL EMPALME S.R.L.;Gas Oil Grado 3;1437.00;1/5/2025 00:00;YPF;-3.178.109;-6.046.074;2025;5
EL EMPALME S.R.L.;Gas Oil Grado 3;51.77;1/6/2019 00:00;YPF;-3.178.109;-6.046.074;2019;6
EL EMPALME S.R.L.;Gas Oil Grado 3;1318.00;1/6/2024 00:00;YPF;-3.178.109;-6.046.074;2024;6
EL EMPALME S.R.L.;Gas Oil Grado 3;1459.00;1/6/2025 00:00;YPF;-3.178.109;-6.046.074;2025;6
EL EMPALME S.R.L.;Gas Oil Grado 3;31.55;1/7/2018 00:00;YPF;-3.178.109;-6.046.074;2018;7
EL EMPALME S.R.L.;Gas Oil Grado 3;52.68;1/7/2019 00:00;YPF;-3.178.109;-6.046.074;2019;7
EL EMPALME S.R.L.;Gas Oil Grado 3;1357.00;1/7/2024 00:00;YPF;-3.178.109;-6.046.074;2024;7
EL EMPALME S.R.L.;Gas Oil Grado 3;1391.00;1/8/2024 00:00;YPF;-3.178.109;-6.046.074;2024;8
EL EMPALME S.R.L.;Gas Oil Grado 3;36.58;1/9/2018 00:00;YPF;-3.178.109;-6.046.074;2018;9
EL EMPALME S.R.L.;Gas Oil Grado 3;1419.00;1/9/2024 00:00;YPF;-3.178.109;-6.046.074;2024;9
EL EMPALME S.R.L.;Gas Oil Grado 3;225.20;1/10/2022 00:00;YPF;-3.178.109;-6.046.074;2022;10
EL EMPALME S.R.L.;Gas Oil Grado 3;1391.00;1/10/2024 00:00;YPF;-3.178.109;-6.046.074;2024;10
EL EMPALME S.R.L.;Gas Oil Grado 3;57.54;1/11/2019 00:00;YPF;-3.178.109;-6.046.074;2019;11
EL EMPALME S.R.L.;Gas Oil Grado 3;457.00;1/11/2023 00:01;YPF;-3.178.109;-6.046.074;2023;11
EL EMPALME S.R.L.;Gas Oil Grado 3;1430.00;1/11/2024 00:00;YPF;-3.178.109;-6.046.074;2024;11
EL EMPALME S.R.L.;Gas Oil Grado 3;64.49;1/12/2019 00:00;YPF;-3.178.109;-6.046.074;2019;12
EL EMPALME S.R.L.;Gas Oil Grado 3;1450.00;1/12/2024 00:00;YPF;-3.178.109;-6.046.074;2024;12
EL EMPALME S.R.L.;Gas Oil Grado 3;19.410;2/2/2017 11:37;YPF;-3.178.109;-6.046.074;2017;2
EL EMPALME S.R.L.;Gas Oil Grado 3;122.30;2/2/2022 00:00;YPF;-3.178.109;-6.046.074;2022;2
EL EMPALME S.R.L.;Gas Oil Grado 3;1181.00;2/3/2024 00:00;YPF;-3.178.109;-6.046.074;2024;3
EL EMPALME S.R.L.;Gas Oil Grado 3;29.21;2/6/2018 00:00;YPF;-3.178.109;-6.046.074;2018;6
EL EMPALME S.R.L.;Gas Oil Grado 3;21.65;2/7/2017 00:00;YPF;-3.178.109;-6.046.074;2017;7
EL EMPALME S.R.L.;Gas Oil Grado 3;359.80;2/8/2023 00:00;YPF;-3.178.109;-6.046.074;2023;8
EL EMPALME S.R.L.;Gas Oil Grado 3;25.22;2/12/2017 00:00;YPF;-3.178.109;-6.046.074;2017;12
EL EMPALME S.R.L.;Gas Oil Grado 3;1032.00;3/1/2024 09:00;YPF;-3.178.109;-6.046.074;2024;1
EL EMPALME S.R.L.;Gas Oil Grado 3;1476.00;3/1/2025 00:00;YPF;-3.178.109;-6.046.074;2025;1
EL EMPALME S.R.L.;Gas Oil Grado 3;246.60;3/11/2022 00:00;YPF;-3.178.109;-6.046.074;2022;11
EL EMPALME S.R.L.;Gas Oil Grado 3;45.48;3/12/2018 00:00;YPF;-3.178.109;-6.046.074;2018;12
EL EMPALME S.R.L.;Gas Oil Grado 3;39.51;4/9/2018 00:00;YPF;-3.178.109;-6.046.074;2018;9
EL EMPALME S.R.L.;Gas Oil Grado 3;44.16;4/11/2018 00:00;YPF;-3.178.109;-6.046.074;2018;11
EL EMPALME S.R.L.;Gas Oil Grado 3;261.10;4/12/2022 00:00;YPF;-3.178.109;-6.046.074;2022;12
EL EMPALME S.R.L.;Gas Oil Grado 3;81.10;5/1/2021 00:00;YPF;-3.178.109;-6.046.074;2021;1
EL EMPALME S.R.L.;Gas Oil Grado 3;45.25;5/2/2019 00:00;YPF;-3.178.109;-6.046.074;2019;2
EL EMPALME S.R.L.;Gas Oil Grado 3;20.42;5/4/2017 00:00;YPF;-3.178.109;-6.046.074;2017;4
EL EMPALME S.R.L.;Gas Oil Grado 3;35.30;5/8/2018 00:00;YPF;-3.178.109;-6.046.074;2018;8
EL EMPALME S.R.L.;Gas Oil Grado 3;27.27;6/2/2018 00:00;YPF;-3.178.109;-6.046.074;2018;2
EL EMPALME S.R.L.;Gas Oil Grado 3;44.49;7/1/2019 00:00;YPF;-3.178.109;-6.046.074;2019;1
EL EMPALME S.R.L.;Gas Oil Grado 3;20.96;7/2/2017 18:56;YPF;-3.178.109;-6.046.074;2017;2
EL EMPALME S.R.L.;Gas Oil Grado 3;31.87;7/7/2018 00:00;YPF;-3.178.109;-6.046.074;2018;7
EL EMPALME S.R.L.;Gas Oil Grado 3;344.30;8/7/2023 00:00;YPF;-3.178.109;-6.046.074;2023;7
EL EMPALME S.R.L.;Gas Oil Grado 3;590.00;8/12/2023 13:00;YPF;-3.178.109;-6.046.074;2023;12
EL EMPALME S.R.L.;Gas Oil Grado 3;162.40;9/5/2022 00:00;YPF;-3.178.109;-6.046.074;2022;5
EL EMPALME S.R.L.;Gas Oil Grado 3;82.30;10/1/2021 00:00;YPF;-3.178.109;-6.046.074;2021;1
EL EMPALME S.R.L.;Gas Oil Grado 3;35.73;10/8/2018 00:00;YPF;-3.178.109;-6.046.074;2018;8
EL EMPALME S.R.L.;Gas Oil Grado 3;27.95;11/4/2018 03:00;YPF;-3.178.109;-6.046.074;2018;4
EL EMPALME S.R.L.;Gas Oil Grado 3;40.38;11/9/2018 00:00;YPF;-3.178.109;-6.046.074;2018;9
EL EMPALME S.R.L.;Gas Oil Grado 3;33.46;12/7/2018 00:00;YPF;-3.178.109;-6.046.074;2018;7
EL EMPALME S.R.L.;Gas Oil Grado 3;819.00;13/12/2023 22:00;YPF;-3.178.109;-6.046.074;2023;12
EL EMPALME S.R.L.;Gas Oil Grado 3;90.10;14/2/2021 00:00;YPF;-3.178.109;-6.046.074;2021;2
EL EMPALME S.R.L.;Gas Oil Grado 3;139.40;14/3/2022 00:00;YPF;-3.178.109;-6.046.074;2022;3
EL EMPALME S.R.L.;Gas Oil Grado 3;1443.00;14/5/2025 00:00;YPF;-3.178.109;-6.046.074;2025;5
EL EMPALME S.R.L.;Gas Oil Grado 3;60.44;14/11/2019 00:00;YPF;-3.178.109;-6.046.074;2019;11
EL EMPALME S.R.L.;Gas Oil Grado 3;85.20;16/1/2021 00:00;YPF;-3.178.109;-6.046.074;2021;1
EL EMPALME S.R.L.;Gas Oil Grado 3;278.10;16/1/2023 00:00;YPF;-3.178.109;-6.046.074;2023;1
EL EMPALME S.R.L.;Gas Oil Grado 3;122.30;16/2/2022 17:10;YPF;-3.178.109;-6.046.074;2022;2
EL EMPALME S.R.L.;Gas Oil Grado 3;291.30;16/2/2023 00:00;YPF;-3.178.109;-6.046.074;2023;2
EL EMPALME S.R.L.;Gas Oil Grado 3;9.69;16/3/2021 00:01;YPF;-3.178.109;-6.046.074;2021;3
EL EMPALME S.R.L.;Gas Oil Grado 3;96.90;16/3/2021 12:10;YPF;-3.178.109;-6.046.074;2021;3
EL EMPALME S.R.L.;Gas Oil Grado 3;300.50;16/3/2023 00:00;YPF;-3.178.109;-6.046.074;2023;3
EL EMPALME S.R.L.;Gas Oil Grado 3;305.80;16/4/2023 00:00;YPF;-3.178.109;-6.046.074;2023;4
EL EMPALME S.R.L.;Gas Oil Grado 3;108.20;16/5/2021 00:00;YPF;-3.178.109;-6.046.074;2021;5
EL EMPALME S.R.L.;Gas Oil Grado 3;195.00;16/6/2022 17:00;YPF;-3.178.109;-6.046.074;2022;6
EL EMPALME S.R.L.;Gas Oil Grado 3;71.82;16/10/2020 00:00;YPF;-3.178.109;-6.046.074;2020;10
EL EMPALME S.R.L.;Gas Oil Grado 3;78.00;16/12/2020 00:00;YPF;-3.178.109;-6.046.074;2020;12
EL EMPALME S.R.L.;Gas Oil Grado 3;86.10;17/1/2021 00:00;YPF;-3.178.109;-6.046.074;2021;1
EL EMPALME S.R.L.;Gas Oil Grado 3;10.80;17/4/2021 00:00;YPF;-3.178.109;-6.046.074;2021;4
EL EMPALME S.R.L.;Gas Oil Grado 3;102.80;17/4/2021 00:01;YPF;-3.178.109;-6.046.074;2021;4
EL EMPALME S.R.L.;Gas Oil Grado 3;319.90;17/5/2023 08:00;YPF;-3.178.109;-6.046.074;2023;5
EL EMPALME S.R.L.;Gas Oil Grado 3;329.50;17/6/2023 00:00;YPF;-3.178.109;-6.046.074;2023;6
EL EMPALME S.R.L.;Gas Oil Grado 3;404.80;18/8/2023 00:00;YPF;-3.178.109;-6.046.074;2023;8
EL EMPALME S.R.L.;Gas Oil Grado 3;36.05;19/8/2018 00:00;YPF;-3.178.109;-6.046.074;2018;8
EL EMPALME S.R.L.;Gas Oil Grado 3;67.71;19/8/2020 00:00;YPF;-3.178.109;-6.046.074;2020;8
EL EMPALME S.R.L.;Gas Oil Grado 3;54.79;19/9/2019 00:00;YPF;-3.178.109;-6.046.074;2019;9
EL EMPALME S.R.L.;Gas Oil Grado 3;69.26;19/9/2020 00:00;YPF;-3.178.109;-6.046.074;2020;9
EL EMPALME S.R.L.;Gas Oil Grado 3;208.30;21/8/2022 00:00;YPF;-3.178.109;-6.046.074;2022;8
EL EMPALME S.R.L.;Gas Oil Grado 3;23.79;23/10/2017 06:01;YPF;-3.178.109;-6.046.074;2017;10
EL EMPALME S.R.L.;Gas Oil Grado 3;417.00;23/10/2023 00:00;YPF;-3.178.109;-6.046.074;2023;10
EL EMPALME S.R.L.;Gas Oil Grado 3;74.40;23/11/2020 00:00;YPF;-3.178.109;-6.046.074;2020;11
EL EMPALME S.R.L.;Gas Oil Grado 3;26.35;24/1/2018 00:00;YPF;-3.178.109;-6.046.074;2018;1
EL EMPALME S.R.L.;Gas Oil Grado 3;166.50;25/5/2022 00:00;YPF;-3.178.109;-6.046.074;2022;5
EL EMPALME S.R.L.;Gas Oil Grado 3;510.00;25/11/2023 00:00;YPF;-3.178.109;-6.046.074;2023;11
EL EMPALME S.R.L.;Gas Oil Grado 3;20.96;30/3/2017 14:00;YPF;-3.178.109;-6.046.074;2017;3
EL EMPALME S.R.L.;Gas Oil Grado 3;51.00;30/4/2019 06:00;YPF;-3.178.109;-6.046.074;2019;4
EL EMPALME S.R.L.;Gas Oil Grado 3;43.08;30/9/2018 00:00;YPF;-3.178.109;-6.046.074;2018;9
EL EMPALME S.R.L.;Gas Oil Grado 3;78.80;30/12/2020 00:00;YPF;-3.178.109;-6.046.074;2020;12
EL EMPALME S.R.L.;Gas Oil Grado 3;87.40;31/1/2021 00:00;YPF;-3.178.109;-6.046.074;2021;1
EL EMPALME S.R.L.;Gas Oil Grado 3;48.80;31/3/2019 00:00;YPF;-3.178.109;-6.046.074;2019;3
EL EMPALME S.R.L.;Nafta (premium) de más de 95 Ron;89.60;1/2/2021 00:00;YPF;-3.178.109;-6.046.074;2021;2
EL EMPALME S.R.L.;Nafta (premium) de más de 95 Ron;1031.00;1/2/2024 00:00;YPF;-3.178.109;-6.046.074;2024;2
EL EMPALME S.R.L.;Nafta (premium) de más de 95 Ron;1473.00;1/2/2025 00:00;YPF;-3.178.109;-6.046.074;2025;2
EL EMPALME S.R.L.;Nafta (premium) de más de 95 Ron;47.84;1/3/2019 00:00;YPF;-3.178.109;-6.046.074;2019;3
EL EMPALME S.R.L.;Nafta (premium) de más de 95 Ron;1501.00;1/3/2025 00:10;YPF;-3.178.109;-6.046.074;2025;3
EL EMPALME S.R.L.;Nafta (premium) de más de 95 Ron;1161.00;1/4/2024 00:00;YPF;-3.178.109;-6.046.074;2024;4
EL EMPALME S.R.L.;Nafta (premium) de más de 95 Ron;1527.00;1/4/2025 00:00;YPF;-3.178.109;-6.046.074;2025;4
EL EMPALME S.R.L.;Nafta (premium) de más de 95 Ron;1207.00;1/5/2024 00:00;YPF;-3.178.109;-6.046.074;2024;5
EL EMPALME S.R.L.;Nafta (premium) de más de 95 Ron;1435.00;1/5/2025 00:00;YPF;-3.178.109;-6.046.074;2025;5
EL EMPALME S.R.L.;Nafta (premium) de más de 95 Ron;52.72;1/6/2019 00:00;YPF;-3.178.109;-6.046.074;2019;6
EL EMPALME S.R.L.;Nafta (premium) de más de 95 Ron;1256.00;1/6/2024 00:00;YPF;-3.178.109;-6.046.074;2024;6
EL EMPALME S.R.L.;Nafta (premium) de más de 95 Ron;1454.00;1/6/2025 00:00;YPF;-3.178.109;-6.046.074;2025;6
EL EMPALME S.R.L.;Nafta (premium) de más de 95 Ron;36.28;1/7/2018 00:00;YPF;-3.178.109;-6.046.074;2018;7
EL EMPALME S.R.L.;Nafta (premium) de más de 95 Ron;54.04;1/7/2019 00:00;YPF;-3.178.109;-6.046.074;2019;7
EL EMPALME S.R.L.;Nafta (premium) de más de 95 Ron;1294.00;1/7/2024 00:00;YPF;-3.178.109;-6.046.074;2024;7
EL EMPALME S.R.L.;Nafta (premium) de más de 95 Ron;1326.00;1/8/2024 00:01;YPF;-3.178.109;-6.046.074;2024;8
EL EMPALME S.R.L.;Nafta (premium) de más de 95 Ron;41.66;1/9/2018 00:00;YPF;-3.178.109;-6.046.074;2018;9
EL EMPALME S.R.L.;Nafta (premium) de más de 95 Ron;1376.00;1/9/2024 00:00;YPF;-3.178.109;-6.046.074;2024;9
EL EMPALME S.R.L.;Nafta (premium) de más de 95 Ron;183.80;1/10/2022 00:00;YPF;-3.178.109;-6.046.074;2022;10
EL EMPALME S.R.L.;Nafta (premium) de más de 95 Ron;1362.00;1/10/2024 00:00;YPF;-3.178.109;-6.046.074;2024;10
EL EMPALME S.R.L.;Nafta (premium) de más de 95 Ron;59.09;1/11/2019 00:00;YPF;-3.178.109;-6.046.074;2019;11
EL EMPALME S.R.L.;Nafta (premium) de más de 95 Ron;408.00;1/11/2023 00:01;YPF;-3.178.109;-6.046.074;2023;11
EL EMPALME S.R.L.;Nafta (premium) de más de 95 Ron;1400.00;1/11/2024 00:00;YPF;-3.178.109;-6.046.074;2024;11
EL EMPALME S.R.L.;Nafta (premium) de más de 95 Ron;66.24;1/12/2019 00:00;YPF;-3.178.109;-6.046.074;2019;12
EL EMPALME S.R.L.;Nafta (premium) de más de 95 Ron;1419.00;1/12/2024 00:00;YPF;-3.178.109;-6.046.074;2024;12
EL EMPALME S.R.L.;Nafta (premium) de más de 95 Ron;21.18;2/2/2017 11:37;YPF;-3.178.109;-6.046.074;2017;2
EL EMPALME S.R.L.;Nafta (premium) de más de 95 Ron;121.90;2/2/2022 00:00;YPF;-3.178.109;-6.046.074;2022;2
EL EMPALME S.R.L.;Nafta (premium) de más de 95 Ron;66.41;2/3/2020 00:00;YPF;-3.178.109;-6.046.074;2020;3
EL EMPALME S.R.L.;Nafta (premium) de más de 95 Ron;1109.00;2/3/2024 00:00;YPF;-3.178.109;-6.046.074;2024;3
EL EMPALME S.R.L.;Nafta (premium) de más de 95 Ron;33.59;2/6/2018 00:00;YPF;-3.178.109;-6.046.074;2018;6
EL EMPALME S.R.L.;Nafta (premium) de más de 95 Ron;24.51;2/7/2017 00:00;YPF;-3.178.109;-6.046.074;2017;7
EL EMPALME S.R.L.;Nafta (premium) de más de 95 Ron;321.20;2/8/2023 00:00;YPF;-3.178.109;-6.046.074;2023;8
EL EMPALME S.R.L.;Nafta (premium) de más de 95 Ron;28.69;2/12/2017 00:00;YPF;-3.178.109;-6.046.074;2017;12
EL EMPALME S.R.L.;Nafta (premium) de más de 95 Ron;969.00;3/1/2024 09:00;YPF;-3.178.109;-6.046.074;2024;1
EL EMPALME S.R.L.;Nafta (premium) de más de 95 Ron;1444.00;3/1/2025 00:00;YPF;-3.178.109;-6.046.074;2025;1
EL EMPALME S.R.L.;Nafta (premium) de más de 95 Ron;27.02;3/11/2017 00:00;YPF;-3.178.109;-6.046.074;2017;11
EL EMPALME S.R.L.;Nafta (premium) de más de 95 Ron;27.07;3/11/2017 00:15;YPF;-3.178.109;-6.046.074;2017;11
EL EMPALME S.R.L.;Nafta (premium) de más de 95 Ron;197.60;3/11/2022 00:00;YPF;-3.178.109;-6.046.074;2022;11
EL EMPALME S.R.L.;Nafta (premium) de más de 95 Ron;46.29;3/12/2018 00:00;YPF;-3.178.109;-6.046.074;2018;12
EL EMPALME S.R.L.;Nafta (premium) de más de 95 Ron;44.99;4/9/2018 00:00;YPF;-3.178.109;-6.046.074;2018;9
EL EMPALME S.R.L.;Nafta (premium) de más de 95 Ron;46.99;4/11/2018 00:00;YPF;-3.178.109;-6.046.074;2018;11
EL EMPALME S.R.L.;Nafta (premium) de más de 95 Ron;209.30;4/12/2022 00:00;YPF;-3.178.109;-6.046.074;2022;12
EL EMPALME S.R.L.;Nafta (premium) de más de 95 Ron;82.30;5/1/2021 00:00;YPF;-3.178.109;-6.046.074;2021;1
EL EMPALME S.R.L.;Nafta (premium) de más de 95 Ron;46.54;5/2/2019 00:00;YPF;-3.178.109;-6.046.074;2019;2
EL EMPALME S.R.L.;Nafta (premium) de más de 95 Ron;22.86;5/4/2017 00:00;YPF;-3.178.109;-6.046.074;2017;4
EL EMPALME S.R.L.;Nafta (premium) de más de 95 Ron;40.46;5/8/2018 00:00;YPF;-3.178.109;-6.046.074;2018;8
EL EMPALME S.R.L.;Nafta (premium) de más de 95 Ron;30.99;6/2/2018 00:00;YPF;-3.178.109;-6.046.074;2018;2
EL EMPALME S.R.L.;Nafta (premium) de más de 95 Ron;45.99;7/1/2019 00:00;YPF;-3.178.109;-6.046.074;2019;1
EL EMPALME S.R.L.;Nafta (premium) de más de 95 Ron;22.88;7/2/2017 18:55;YPF;-3.178.109;-6.046.074;2017;2
EL EMPALME S.R.L.;Nafta (premium) de más de 95 Ron;36.64;7/7/2018 00:00;YPF;-3.178.109;-6.046.074;2018;7
EL EMPALME S.R.L.;Nafta (premium) de más de 95 Ron;307.40;8/7/2023 00:00;YPF;-3.178.109;-6.046.074;2023;7
EL EMPALME S.R.L.;Nafta (premium) de más de 95 Ron;552.00;8/12/2023 13:00;YPF;-3.178.109;-6.046.074;2023;12
EL EMPALME S.R.L.;Nafta (premium) de más de 95 Ron;157.10;9/5/2022 00:00;YPF;-3.178.109;-6.046.074;2022;5
EL EMPALME S.R.L.;Nafta (premium) de más de 95 Ron;83.50;10/1/2021 00:00;YPF;-3.178.109;-6.046.074;2021;1
EL EMPALME S.R.L.;Nafta (premium) de más de 95 Ron;31.99;11/4/2018 03:00;YPF;-3.178.109;-6.046.074;2018;4
EL EMPALME S.R.L.;Nafta (premium) de más de 95 Ron;38.47;12/7/2018 00:00;YPF;-3.178.109;-6.046.074;2018;7
EL EMPALME S.R.L.;Nafta (premium) de más de 95 Ron;769.00;13/12/2023 22:00;YPF;-3.178.109;-6.046.074;2023;12
EL EMPALME S.R.L.;Nafta (premium) de más de 95 Ron;90.60;14/2/2021 00:00;YPF;-3.178.109;-6.046.074;2021;2
EL EMPALME S.R.L.;Nafta (premium) de más de 95 Ron;139.00;14/3/2022 00:00;YPF;-3.178.109;-6.046.074;2022;3
EL EMPALME S.R.L.;Nafta (premium) de más de 95 Ron;1438.00;14/5/2025 00:00;YPF;-3.178.109;-6.046.074;2025;5
EL EMPALME S.R.L.;Nafta (premium) de más de 95 Ron;62.04;14/11/2019 00:00;YPF;-3.178.109;-6.046.074;2019;11
EL EMPALME S.R.L.;Nafta (premium) de más de 95 Ron;86.50;16/1/2021 00:00;YPF;-3.178.109;-6.046.074;2021;1
EL EMPALME S.R.L.;Nafta (premium) de más de 95 Ron;222.90;16/1/2023 00:00;YPF;-3.178.109;-6.046.074;2023;1
EL EMPALME S.R.L.;Nafta (premium) de más de 95 Ron;234.30;16/2/2023 00:00;YPF;-3.178.109;-6.046.074;2023;2
EL EMPALME S.R.L.;Nafta (premium) de más de 95 Ron;9.74;16/3/2021 00:01;YPF;-3.178.109;-6.046.074;2021;3
EL EMPALME S.R.L.;Nafta (premium) de más de 95 Ron;97.40;16/3/2021 12:10;YPF;-3.178.109;-6.046.074;2021;3
EL EMPALME S.R.L.;Nafta (premium) de más de 95 Ron;246.30;16/3/2023 00:00;YPF;-3.178.109;-6.046.074;2023;3
EL EMPALME S.R.L.;Nafta (premium) de más de 95 Ron;260.40;16/4/2023 00:00;YPF;-3.178.109;-6.046.074;2023;4
EL EMPALME S.R.L.;Nafta (premium) de más de 95 Ron;10.80;16/5/2021 00:00;YPF;-3.178.109;-6.046.074;2021;5
EL EMPALME S.R.L.;Nafta (premium) de más de 95 Ron;109.80;16/5/2021 00:10;YPF;-3.178.109;-6.046.074;2021;5
EL EMPALME S.R.L.;Nafta (premium) de más de 95 Ron;73.35;16/10/2020 00:00;YPF;-3.178.109;-6.046.074;2020;10
EL EMPALME S.R.L.;Nafta (premium) de más de 95 Ron;79.20;16/12/2020 00:00;YPF;-3.178.109;-6.046.074;2020;12
EL EMPALME S.R.L.;Nafta (premium) de más de 95 Ron;87.40;17/1/2021 00:00;YPF;-3.178.109;-6.046.074;2021;1
EL EMPALME S.R.L.;Nafta (premium) de más de 95 Ron;10.70;17/4/2021 00:00;YPF;-3.178.109;-6.046.074;2021;4
EL EMPALME S.R.L.;Nafta (premium) de más de 95 Ron;103.70;17/4/2021 00:01;YPF;-3.178.109;-6.046.074;2021;4
EL EMPALME S.R.L.;Nafta (premium) de más de 95 Ron;272.40;17/5/2023 08:00;YPF;-3.178.109;-6.046.074;2023;5
EL EMPALME S.R.L.;Nafta (premium) de más de 95 Ron;294.20;17/6/2023 00:00;YPF;-3.178.109;-6.046.074;2023;6
EL EMPALME S.R.L.;Nafta (premium) de más de 95 Ron;361.40;18/8/2023 00:00;YPF;-3.178.109;-6.046.074;2023;8
EL EMPALME S.R.L.;Nafta (premium) de más de 95 Ron;40.78;19/8/2018 00:00;YPF;-3.178.109;-6.046.074;2018;8
EL EMPALME S.R.L.;Nafta (premium) de más de 95 Ron;69.99;19/8/2020 00:00;YPF;-3.178.109;-6.046.074;2020;8
EL EMPALME S.R.L.;Nafta (premium) de más de 95 Ron;56.24;19/9/2019 00:00;YPF;-3.178.109;-6.046.074;2019;9
EL EMPALME S.R.L.;Nafta (premium) de más de 95 Ron;70.74;19/9/2020 00:00;YPF;-3.178.109;-6.046.074;2020;9
EL EMPALME S.R.L.;Nafta (premium) de más de 95 Ron;173.40;21/8/2022 00:00;YPF;-3.178.109;-6.046.074;2022;8
EL EMPALME S.R.L.;Nafta (premium) de más de 95 Ron;27.43;23/10/2017 06:01;YPF;-3.178.109;-6.046.074;2017;10
EL EMPALME S.R.L.;Nafta (premium) de más de 95 Ron;372.00;23/10/2023 00:00;YPF;-3.178.109;-6.046.074;2023;10
EL EMPALME S.R.L.;Nafta (premium) de más de 95 Ron;75.90;23/11/2020 00:00;YPF;-3.178.109;-6.046.074;2020;11
EL EMPALME S.R.L.;Nafta (premium) de más de 95 Ron;29.98;24/1/2018 00:00;YPF;-3.178.109;-6.046.074;2018;1
EL EMPALME S.R.L.;Nafta (premium) de más de 95 Ron;461.00;25/11/2023 00:00;YPF;-3.178.109;-6.046.074;2023;11
EL EMPALME S.R.L.;Nafta (premium) de más de 95 Ron;22.88;30/3/2017 14:00;YPF;-3.178.109;-6.046.074;2017;3
EL EMPALME S.R.L.;Nafta (premium) de más de 95 Ron;51.94;30/4/2019 06:00;YPF;-3.178.109;-6.046.074;2019;4
EL EMPALME S.R.L.;Nafta (premium) de más de 95 Ron;46.64;30/9/2018 00:00;YPF;-3.178.109;-6.046.074;2018;9
EL EMPALME S.R.L.;Nafta (premium) de más de 95 Ron;79.90;30/12/2020 00:00;YPF;-3.178.109;-6.046.074;2020;12
EL EMPALME S.R.L.;Nafta (premium) de más de 95 Ron;88.70;31/1/2021 00:00;YPF;-3.178.109;-6.046.074;2021;1
EL EMPALME S.R.L.;Nafta (premium) de más de 95 Ron;49.99;31/3/2019 00:00;YPF;-3.178.109;-6.046.074;2019;3
EL EMPALME S.R.L.;Nafta (súper) entre 92 y 95 Ron;78.50;1/2/2021 00:00;YPF;-3.178.109;-6.046.074;2021;2
EL EMPALME S.R.L.;Nafta (súper) entre 92 y 95 Ron;858.00;1/2/2024 00:00;YPF;-3.178.109;-6.046.074;2024;2
EL EMPALME S.R.L.;Nafta (súper) entre 92 y 95 Ron;1229.00;1/2/2025 00:00;YPF;-3.178.109;-6.046.074;2025;2
EL EMPALME S.R.L.;Nafta (súper) entre 92 y 95 Ron;42.64;1/3/2019 00:00;YPF;-3.178.109;-6.046.074;2019;3
EL EMPALME S.R.L.;Nafta (súper) entre 92 y 95 Ron;1252.00;1/3/2025 00:10;YPF;-3.178.109;-6.046.074;2025;3
EL EMPALME S.R.L.;Nafta (súper) entre 92 y 95 Ron;966.00;1/4/2024 00:00;YPF;-3.178.109;-6.046.074;2024;4
EL EMPALME S.R.L.;Nafta (súper) entre 92 y 95 Ron;1274.00;1/4/2025 00:00;YPF;-3.178.109;-6.046.074;2025;4
EL EMPALME S.R.L.;Nafta (súper) entre 92 y 95 Ron;1005.00;1/5/2024 00:00;YPF;-3.178.109;-6.046.074;2024;5
EL EMPALME S.R.L.;Nafta (súper) entre 92 y 95 Ron;1249.00;1/5/2025 00:00;YPF;-3.178.109;-6.046.074;2025;5
EL EMPALME S.R.L.;Nafta (súper) entre 92 y 95 Ron;46.99;1/6/2019 00:00;YPF;-3.178.109;-6.046.074;2019;6
EL EMPALME S.R.L.;Nafta (súper) entre 92 y 95 Ron;1046.00;1/6/2024 00:00;YPF;-3.178.109;-6.046.074;2024;6
EL EMPALME S.R.L.;Nafta (súper) entre 92 y 95 Ron;1266.00;1/6/2025 00:00;YPF;-3.178.109;-6.046.074;2025;6
EL EMPALME S.R.L.;Nafta (súper) entre 92 y 95 Ron;30.99;1/7/2018 00:00;YPF;-3.178.109;-6.046.074;2018;7
EL EMPALME S.R.L.;Nafta (súper) entre 92 y 95 Ron;48.16;1/7/2019 00:00;YPF;-3.178.109;-6.046.074;2019;7
EL EMPALME S.R.L.;Nafta (súper) entre 92 y 95 Ron;1077.00;1/7/2024 00:00;YPF;-3.178.109;-6.046.074;2024;7
EL EMPALME S.R.L.;Nafta (súper) entre 92 y 95 Ron;1104.00;1/8/2024 00:01;YPF;-3.178.109;-6.046.074;2024;8
EL EMPALME S.R.L.;Nafta (súper) entre 92 y 95 Ron;34.98;1/9/2018 00:00;YPF;-3.178.109;-6.046.074;2018;9
EL EMPALME S.R.L.;Nafta (súper) entre 92 y 95 Ron;1146.00;1/9/2024 00:00;YPF;-3.178.109;-6.046.074;2024;9
EL EMPALME S.R.L.;Nafta (súper) entre 92 y 95 Ron;150.80;1/10/2022 00:00;YPF;-3.178.109;-6.046.074;2022;10
EL EMPALME S.R.L.;Nafta (súper) entre 92 y 95 Ron;1135.00;1/10/2024 00:00;YPF;-3.178.109;-6.046.074;2024;10
EL EMPALME S.R.L.;Nafta (súper) entre 92 y 95 Ron;52.59;1/11/2019 00:00;YPF;-3.178.109;-6.046.074;2019;11
EL EMPALME S.R.L.;Nafta (súper) entre 92 y 95 Ron;322.00;1/11/2023 00:01;YPF;-3.178.109;-6.046.074;2023;11
EL EMPALME S.R.L.;Nafta (súper) entre 92 y 95 Ron;1167.00;1/11/2024 00:00;YPF;-3.178.109;-6.046.074;2024;11
EL EMPALME S.R.L.;Nafta (súper) entre 92 y 95 Ron;58.94;1/12/2019 00:00;YPF;-3.178.109;-6.046.074;2019;12
EL EMPALME S.R.L.;Nafta (súper) entre 92 y 95 Ron;1183.00;1/12/2024 00:00;YPF;-3.178.109;-6.046.074;2024;12
EL EMPALME S.R.L.;Nafta (súper) entre 92 y 95 Ron;19.08;2/2/2017 11:36;YPF;-3.178.109;-6.046.074;2017;2
EL EMPALME S.R.L.;Nafta (súper) entre 92 y 95 Ron;103.70;2/2/2022 00:00;YPF;-3.178.109;-6.046.074;2022;2
EL EMPALME S.R.L.;Nafta (súper) entre 92 y 95 Ron;59.09;2/3/2020 00:00;YPF;-3.178.109;-6.046.074;2020;3
EL EMPALME S.R.L.;Nafta (súper) entre 92 y 95 Ron;923.00;2/3/2024 00:00;YPF;-3.178.109;-6.046.074;2024;3
EL EMPALME S.R.L.;Nafta (súper) entre 92 y 95 Ron;29.53;2/6/2018 00:00;YPF;-3.178.109;-6.046.074;2018;6
EL EMPALME S.R.L.;Nafta (súper) entre 92 y 95 Ron;21.99;2/7/2017 00:00;YPF;-3.178.109;-6.046.074;2017;7
EL EMPALME S.R.L.;Nafta (súper) entre 92 y 95 Ron;253.90;2/8/2023 00:00;YPF;-3.178.109;-6.046.074;2023;8
EL EMPALME S.R.L.;Nafta (súper) entre 92 y 95 Ron;25.24;2/12/2017 00:00;YPF;-3.178.109;-6.046.074;2017;12
EL EMPALME S.R.L.;Nafta (súper) entre 92 y 95 Ron;806.00;3/1/2024 09:00;YPF;-3.178.109;-6.046.074;2024;1
EL EMPALME S.R.L.;Nafta (súper) entre 92 y 95 Ron;1204.00;3/1/2025 00:00;YPF;-3.178.109;-6.046.074;2025;1
EL EMPALME S.R.L.;Nafta (súper) entre 92 y 95 Ron;23.81;3/11/2017 00:00;YPF;-3.178.109;-6.046.074;2017;11
EL EMPALME S.R.L.;Nafta (súper) entre 92 y 95 Ron;161.40;3/11/2022 00:00;YPF;-3.178.109;-6.046.074;2022;11
EL EMPALME S.R.L.;Nafta (súper) entre 92 y 95 Ron;41.06;3/12/2018 00:00;YPF;-3.178.109;-6.046.074;2018;12
EL EMPALME S.R.L.;Nafta (súper) entre 92 y 95 Ron;37.78;4/9/2018 00:00;YPF;-3.178.109;-6.046.074;2018;9
EL EMPALME S.R.L.;Nafta (súper) entre 92 y 95 Ron;41.47;4/11/2018 00:00;YPF;-3.178.109;-6.046.074;2018;11
EL EMPALME S.R.L.;Nafta (súper) entre 92 y 95 Ron;168.70;4/12/2022 00:00;YPF;-3.178.109;-6.046.074;2022;12
EL EMPALME S.R.L.;Nafta (súper) entre 92 y 95 Ron;72.80;5/1/2021 00:00;YPF;-3.178.109;-6.046.074;2021;1
EL EMPALME S.R.L.;Nafta (súper) entre 92 y 95 Ron;41.48;5/2/2019 00:00;YPF;-3.178.109;-6.046.074;2019;2
EL EMPALME S.R.L.;Nafta (súper) entre 92 y 95 Ron;20.59;5/4/2017 00:00;YPF;-3.178.109;-6.046.074;2017;4
EL EMPALME S.R.L.;Nafta (súper) entre 92 y 95 Ron;33.85;5/8/2018 00:00;YPF;-3.178.109;-6.046.074;2018;8
EL EMPALME S.R.L.;Nafta (súper) entre 92 y 95 Ron;27.17;6/2/2018 00:00;YPF;-3.178.109;-6.046.074;2018;2
EL EMPALME S.R.L.;Nafta (súper) entre 92 y 95 Ron;40.79;7/1/2019 00:00;YPF;-3.178.109;-6.046.074;2019;1
EL EMPALME S.R.L.;Nafta (súper) entre 92 y 95 Ron;20.61;7/2/2017 18:53;YPF;-3.178.109;-6.046.074;2017;2
EL EMPALME S.R.L.;Nafta (súper) entre 92 y 95 Ron;31.30;7/7/2018 00:00;YPF;-3.178.109;-6.046.074;2018;7
EL EMPALME S.R.L.;Nafta (súper) entre 92 y 95 Ron;243.00;8/7/2023 00:00;YPF;-3.178.109;-6.046.074;2023;7
EL EMPALME S.R.L.;Nafta (súper) entre 92 y 95 Ron;457.00;8/12/2023 13:00;YPF;-3.178.109;-6.046.074;2023;12
EL EMPALME S.R.L.;Nafta (súper) entre 92 y 95 Ron;128.90;9/5/2022 00:00;YPF;-3.178.109;-6.046.074;2022;5
EL EMPALME S.R.L.;Nafta (súper) entre 92 y 95 Ron;73.50;10/1/2021 00:00;YPF;-3.178.109;-6.046.074;2021;1
EL EMPALME S.R.L.;Nafta (súper) entre 92 y 95 Ron;28.12;11/4/2018 03:00;YPF;-3.178.109;-6.046.074;2018;4
EL EMPALME S.R.L.;Nafta (súper) entre 92 y 95 Ron;32.24;12/7/2018 00:00;YPF;-3.178.109;-6.046.074;2018;7
EL EMPALME S.R.L.;Nafta (súper) entre 92 y 95 Ron;639.00;13/12/2023 22:00;YPF;-3.178.109;-6.046.074;2023;12
EL EMPALME S.R.L.;Nafta (súper) entre 92 y 95 Ron;79.50;14/2/2021 00:00;YPF;-3.178.109;-6.046.074;2021;2
EL EMPALME S.R.L.;Nafta (súper) entre 92 y 95 Ron;116.10;14/3/2022 00:00;YPF;-3.178.109;-6.046.074;2022;3
EL EMPALME S.R.L.;Nafta (súper) entre 92 y 95 Ron;1252.00;14/5/2025 00:00;YPF;-3.178.109;-6.046.074;2025;5
EL EMPALME S.R.L.;Nafta (súper) entre 92 y 95 Ron;55.24;14/11/2019 00:00;YPF;-3.178.109;-6.046.074;2019;11
EL EMPALME S.R.L.;Nafta (súper) entre 92 y 95 Ron;76.10;16/1/2021 00:00;YPF;-3.178.109;-6.046.074;2021;1
EL EMPALME S.R.L.;Nafta (súper) entre 92 y 95 Ron;176.30;16/1/2023 00:00;YPF;-3.178.109;-6.046.074;2023;1
EL EMPALME S.R.L.;Nafta (súper) entre 92 y 95 Ron;185.20;16/2/2023 00:00;YPF;-3.178.109;-6.046.074;2023;2
EL EMPALME S.R.L.;Nafta (súper) entre 92 y 95 Ron;85.10;16/3/2021 00:00;YPF;-3.178.109;-6.046.074;2021;3
EL EMPALME S.R.L.;Nafta (súper) entre 92 y 95 Ron;196.40;16/3/2023 00:00;YPF;-3.178.109;-6.046.074;2023;3
EL EMPALME S.R.L.;Nafta (súper) entre 92 y 95 Ron;209.10;16/4/2023 00:00;YPF;-3.178.109;-6.046.074;2023;4
EL EMPALME S.R.L.;Nafta (súper) entre 92 y 95 Ron;95.10;16/5/2021 00:00;YPF;-3.178.109;-6.046.074;2021;5
EL EMPALME S.R.L.;Nafta (súper) entre 92 y 95 Ron;65.12;16/10/2020 00:00;YPF;-3.178.109;-6.046.074;2020;10
EL EMPALME S.R.L.;Nafta (súper) entre 92 y 95 Ron;70.00;16/12/2020 00:00;YPF;-3.178.109;-6.046.074;2020;12
EL EMPALME S.R.L.;Nafta (súper) entre 92 y 95 Ron;76.90;17/1/2021 00:00;YPF;-3.178.109;-6.046.074;2021;1
EL EMPALME S.R.L.;Nafta (súper) entre 92 y 95 Ron;90.30;17/4/2021 00:00;YPF;-3.178.109;-6.046.074;2021;4
EL EMPALME S.R.L.;Nafta (súper) entre 92 y 95 Ron;219.30;17/5/2023 08:00;YPF;-3.178.109;-6.046.074;2023;5
EL EMPALME S.R.L.;Nafta (súper) entre 92 y 95 Ron;232.50;17/6/2023 00:00;YPF;-3.178.109;-6.046.074;2023;6
EL EMPALME S.R.L.;Nafta (súper) entre 92 y 95 Ron;285.60;18/8/2023 00:00;YPF;-3.178.109;-6.046.074;2023;8
EL EMPALME S.R.L.;Nafta (súper) entre 92 y 95 Ron;34.12;19/8/2018 00:00;YPF;-3.178.109;-6.046.074;2018;8
EL EMPALME S.R.L.;Nafta (súper) entre 92 y 95 Ron;61.75;19/8/2020 00:00;YPF;-3.178.109;-6.046.074;2020;8
EL EMPALME S.R.L.;Nafta (súper) entre 92 y 95 Ron;50.09;19/9/2019 00:00;YPF;-3.178.109;-6.046.074;2019;9
EL EMPALME S.R.L.;Nafta (súper) entre 92 y 95 Ron;62.80;19/9/2020 00:00;YPF;-3.178.109;-6.046.074;2020;9
EL EMPALME S.R.L.;Nafta (súper) entre 92 y 95 Ron;142.30;21/8/2022 00:00;YPF;-3.178.109;-6.046.074;2022;8
EL EMPALME S.R.L.;Nafta (súper) entre 92 y 95 Ron;24.17;23/10/2017 06:01;YPF;-3.178.109;-6.046.074;2017;10
EL EMPALME S.R.L.;Nafta (súper) entre 92 y 95 Ron;294.00;23/10/2023 00:00;YPF;-3.178.109;-6.046.074;2023;10
EL EMPALME S.R.L.;Nafta (súper) entre 92 y 95 Ron;67.40;23/11/2020 00:00;YPF;-3.178.109;-6.046.074;2020;11
EL EMPALME S.R.L.;Nafta (súper) entre 92 y 95 Ron;26.25;24/1/2018 00:00;YPF;-3.178.109;-6.046.074;2018;1
EL EMPALME S.R.L.;Nafta (súper) entre 92 y 95 Ron;368.00;25/11/2023 00:00;YPF;-3.178.109;-6.046.074;2023;11
EL EMPALME S.R.L.;Nafta (súper) entre 92 y 95 Ron;20.61;30/3/2017 14:00;YPF;-3.178.109;-6.046.074;2017;3
EL EMPALME S.R.L.;Nafta (súper) entre 92 y 95 Ron;46.32;30/4/2019 06:00;YPF;-3.178.109;-6.046.074;2019;4
EL EMPALME S.R.L.;Nafta (súper) entre 92 y 95 Ron;40.76;30/9/2018 00:00;YPF;-3.178.109;-6.046.074;2018;9
EL EMPALME S.R.L.;Nafta (súper) entre 92 y 95 Ron;70.70;30/12/2020 00:00;YPF;-3.178.109;-6.046.074;2020;12
EL EMPALME S.R.L.;Nafta (súper) entre 92 y 95 Ron;77.70;31/1/2021 00:00;YPF;-3.178.109;-6.046.074;2021;1
EL EMPALME S.R.L.;Nafta (súper) entre 92 y 95 Ron;44.58;31/3/2019 00:00;YPF;-3.178.109;-6.046.074;2019;3
